/*
SQLyog Ultimate v11.26 (32 bit)
MySQL - 5.5.57-log : Database - ty_book
*********************************************************************
*/

/*!40101 SET NAMES utf8 */;

/*!40101 SET SQL_MODE=''*/;

/*!40014 SET @OLD_UNIQUE_CHECKS=@@UNIQUE_CHECKS, UNIQUE_CHECKS=0 */;
/*!40014 SET @OLD_FOREIGN_KEY_CHECKS=@@FOREIGN_KEY_CHECKS, FOREIGN_KEY_CHECKS=0 */;
/*!40101 SET @OLD_SQL_MODE=@@SQL_MODE, SQL_MODE='NO_AUTO_VALUE_ON_ZERO' */;
/*!40111 SET @OLD_SQL_NOTES=@@SQL_NOTES, SQL_NOTES=0 */;
CREATE DATABASE /*!32312 IF NOT EXISTS*/`ty_book` /*!40100 DEFAULT CHARACTER SET utf8mb4 */;

USE `ty_book`;

/*Table structure for table `p_address` */

DROP TABLE IF EXISTS `p_address`;

CREATE TABLE `p_address` (
  `id` int(10) NOT NULL AUTO_INCREMENT,
  `user_id` int(10) NOT NULL COMMENT '用户id',
  `address` varchar(200) COLLATE utf8_unicode_ci NOT NULL COMMENT '收货地址',
  `name` int(10) DEFAULT NULL COMMENT '收货人',
  `phone` varchar(20) COLLATE utf8_unicode_ci DEFAULT NULL COMMENT '联系电话',
  `is_default` tinyint(3) DEFAULT '0' COMMENT '是否默认,0未设置，1默认',
  `created_at` timestamp NULL DEFAULT NULL COMMENT '添加时间',
  `updated_at` timestamp NULL DEFAULT CURRENT_TIMESTAMP COMMENT '修改时间',
  PRIMARY KEY (`id`)
) ENGINE=InnoDB DEFAULT CHARSET=utf8 COLLATE=utf8_unicode_ci;

/*Data for the table `p_address` */

/*Table structure for table `p_admins` */

DROP TABLE IF EXISTS `p_admins`;

CREATE TABLE `p_admins` (
  `id` int(10) unsigned NOT NULL AUTO_INCREMENT,
  `name` varchar(30) COLLATE utf8_unicode_ci NOT NULL,
  `username` varchar(50) COLLATE utf8_unicode_ci NOT NULL,
  `password` varchar(60) COLLATE utf8_unicode_ci NOT NULL,
  `status` tinyint(4) NOT NULL COMMENT '状态，0禁用，1正常',
  `remember_token` varchar(100) COLLATE utf8_unicode_ci DEFAULT NULL,
  `created_at` timestamp NULL DEFAULT NULL,
  `updated_at` timestamp NULL DEFAULT NULL,
  PRIMARY KEY (`id`),
  UNIQUE KEY `admins_username_unique` (`username`) USING BTREE,
  KEY `admins_status_index` (`status`) USING BTREE
) ENGINE=InnoDB AUTO_INCREMENT=2 DEFAULT CHARSET=utf8 COLLATE=utf8_unicode_ci;

/*Data for the table `p_admins` */

insert  into `p_admins`(`id`,`name`,`username`,`password`,`status`,`remember_token`,`created_at`,`updated_at`) values (1,'超级管理员','admin','$2y$10$Jfxx9ftfwN641vOEfkfeB.H0U22VUCmv6McyhTqOIID1m5/kztUmG',1,'ho9zptLYfpJozQGzN7sIjBSstDti30w8KXXzqAQtZJqEIrFur6EAf4dlUOHf','2019-07-27 23:09:10','2019-07-27 23:09:12');

/*Table structure for table `p_apply` */

DROP TABLE IF EXISTS `p_apply`;

CREATE TABLE `p_apply` (
  `id` int(11) NOT NULL AUTO_INCREMENT,
  `book_id` int(10) NOT NULL COMMENT '书籍id',
  `book_sn` varchar(100) DEFAULT NULL COMMENT '条码号',
  `ISBN` varchar(100) DEFAULT NULL COMMENT 'ISBN',
  `book_name` varchar(200) DEFAULT NULL COMMENT '书名',
  `user_id` int(11) NOT NULL COMMENT '借阅人id',
  `kid_id` int(11) DEFAULT NULL COMMENT '小朋友id',
  `type` tinyint(4) NOT NULL COMMENT '类型,0:借书,1还书',
  `apply_ts` datetime DEFAULT NULL COMMENT '预约的配送时间',
  `cancel_ts` datetime DEFAULT NULL COMMENT '取消时间',
  `status` tinyint(4) DEFAULT NULL COMMENT '状态',
  `admin_id` int(11) DEFAULT NULL COMMENT '操作人id',
  `mark` varchar(255) DEFAULT NULL COMMENT '备注',
  `created_at` timestamp NULL DEFAULT CURRENT_TIMESTAMP COMMENT '借书的申请时间',
  `updated_at` timestamp NULL DEFAULT NULL COMMENT '修改时间',
  PRIMARY KEY (`id`)
) ENGINE=InnoDB AUTO_INCREMENT=5 DEFAULT CHARSET=utf8;

/*Data for the table `p_apply` */

insert  into `p_apply`(`id`,`book_id`,`book_sn`,`ISBN`,`book_name`,`user_id`,`kid_id`,`type`,`apply_ts`,`cancel_ts`,`status`,`admin_id`,`mark`,`created_at`,`updated_at`) values (1,38,'6920190926035','9787201140537','小叶子去旅行',5,5,1,'2020-03-13 00:00:00',NULL,0,NULL,NULL,'2020-03-11 21:35:05','2020-03-11 21:35:05'),(2,62,'6920190926081','9787518042159','聪明的亚历山大',8,6,1,'2020-03-13 00:00:00',NULL,0,NULL,NULL,'2020-03-11 22:39:10','2020-03-11 22:39:10'),(3,125,'6920200407001','9787533274269','信谊绘本世界精选图画书：猜猜我有多爱你',4,3,1,'2020-04-09 00:00:00','2020-04-07 20:48:09',1,NULL,NULL,'2020-04-07 20:47:01','2020-04-07 20:48:09'),(4,70,'6920190926083','9787512209152','快乐的小黄鸭-亚历山大的皮球',2,8,1,'2020-06-26 00:00:00',NULL,0,NULL,NULL,'2020-06-25 17:40:59','2020-06-25 17:40:59');

/*Table structure for table `p_banner` */

DROP TABLE IF EXISTS `p_banner`;

CREATE TABLE `p_banner` (
  `id` int(10) unsigned NOT NULL AUTO_INCREMENT,
  `title` varchar(40) COLLATE utf8_unicode_ci NOT NULL COMMENT '标题',
  `upload_id` int(11) NOT NULL COMMENT '图片id',
  `upload_url` varchar(100) COLLATE utf8_unicode_ci NOT NULL COMMENT '图片地址',
  `sort` int(3) DEFAULT NULL COMMENT '顺序',
  `link_url` varchar(100) COLLATE utf8_unicode_ci DEFAULT NULL COMMENT '链接地址',
  `created_at` timestamp NULL DEFAULT CURRENT_TIMESTAMP,
  `updated_at` timestamp NULL DEFAULT NULL,
  PRIMARY KEY (`id`)
) ENGINE=InnoDB AUTO_INCREMENT=8 DEFAULT CHARSET=utf8 COLLATE=utf8_unicode_ci;

/*Data for the table `p_banner` */

insert  into `p_banner`(`id`,`title`,`upload_id`,`upload_url`,`sort`,`link_url`,`created_at`,`updated_at`) values (1,'banner-1',135,'book_img/IdIbWaufjBnVOCKseWXiK9JJo5D26OvvsYLVscqW.png',1,'http://ty.twovan.cn/wechat/user/vipcard','2020-04-12 19:54:31','2020-04-13 10:19:16'),(2,'banner-2',140,'book_img/pLbHo2w3TW9fYTjV2xYMhwqvOUysg2cUrp3zarbI.png',2,'http://ty.twovan.cn/wechat/user/vipcard','2020-04-13 09:41:18','2020-04-13 10:19:27'),(7,'banner-3',144,'book_img/TiZAhMXYXBt9QrSst0mj1vMR87fQCW3FSXuNTaot.png',3,'http://ty.twovan.cn/wechat/user/vipcard','2020-04-13 10:29:36',NULL);

/*Table structure for table `p_book_categorys` */

DROP TABLE IF EXISTS `p_book_categorys`;

CREATE TABLE `p_book_categorys` (
  `id` int(11) NOT NULL AUTO_INCREMENT COMMENT '书籍分类id',
  `name` varchar(40) COLLATE utf8_unicode_ci DEFAULT NULL COMMENT '分类名称',
  `remark` mediumtext COLLATE utf8_unicode_ci COMMENT '说明',
  PRIMARY KEY (`id`)
) ENGINE=InnoDB AUTO_INCREMENT=4 DEFAULT CHARSET=utf8 COLLATE=utf8_unicode_ci;

/*Data for the table `p_book_categorys` */

insert  into `p_book_categorys`(`id`,`name`,`remark`) values (1,'儿童读物','儿童读物'),(2,'儿童绘本','儿童绘本'),(3,'大人读物','大人教育小孩的书');

/*Table structure for table `p_book_reading` */

DROP TABLE IF EXISTS `p_book_reading`;

CREATE TABLE `p_book_reading` (
  `id` int(10) unsigned NOT NULL AUTO_INCREMENT,
  `ISBN` varchar(20) COLLATE utf8_unicode_ci NOT NULL COMMENT 'ISBN编码',
  `reading` bigint(20) NOT NULL DEFAULT '0' COMMENT '阅读数',
  `is_hot` tinyint(4) DEFAULT '0' COMMENT '设置精选',
  `is_new` tinyint(4) DEFAULT '0' COMMENT '最新',
  PRIMARY KEY (`id`),
  UNIQUE KEY `uisbn` (`ISBN`)
) ENGINE=InnoDB AUTO_INCREMENT=17 DEFAULT CHARSET=utf8 COLLATE=utf8_unicode_ci;

/*Data for the table `p_book_reading` */

insert  into `p_book_reading`(`id`,`ISBN`,`reading`,`is_hot`,`is_new`) values (1,'9787512209152',18,1,NULL),(2,'9787518042166',25,1,NULL),(3,'9787518042159',33,1,NULL),(4,'9787536594203',14,1,NULL),(5,'9787537671811',55,1,NULL),(6,'9787552540543',19,1,NULL),(7,'9787559314741',58,1,NULL),(8,'9787559505811',15,1,NULL),(9,'9787559523495',13,1,NULL),(10,'9787121346842',29,1,NULL),(11,'9787518042142',15,1,NULL),(12,'9787201140537',33,1,NULL),(13,'9787520001489',63,1,NULL),(14,'9787532167753',24,1,NULL),(15,'9787537683302',81,1,NULL),(16,'9787559506399',27,0,NULL);

/*Table structure for table `p_books` */

DROP TABLE IF EXISTS `p_books`;

CREATE TABLE `p_books` (
  `id` int(10) unsigned NOT NULL AUTO_INCREMENT,
  `name` varchar(40) COLLATE utf8_unicode_ci NOT NULL COMMENT '书名',
  `author` varchar(40) COLLATE utf8_unicode_ci NOT NULL COMMENT '作者',
  `ISBN` varchar(20) COLLATE utf8_unicode_ci DEFAULT NULL COMMENT 'ISBN编码',
  `book_sn` varchar(40) COLLATE utf8_unicode_ci NOT NULL COMMENT '书籍唯一编号',
  `publisher` varchar(100) COLLATE utf8_unicode_ci NOT NULL COMMENT '出版社',
  `category_id` tinyint(4) NOT NULL COMMENT '书籍分类id',
  `price` decimal(8,2) NOT NULL COMMENT '价格',
  `remark` mediumtext COLLATE utf8_unicode_ci COMMENT '简介',
  `content` mediumblob COMMENT '内容',
  `texture` varchar(40) COLLATE utf8_unicode_ci DEFAULT NULL COMMENT '材质',
  `upload_id` int(11) NOT NULL COMMENT '图片id',
  `upload_url` varchar(100) COLLATE utf8_unicode_ci NOT NULL COMMENT '图片地址',
  `status` tinyint(4) NOT NULL DEFAULT '0' COMMENT '状态，0:在馆，1:已借出，2:报废',
  `created_at` timestamp NULL DEFAULT CURRENT_TIMESTAMP,
  `updated_at` timestamp NULL DEFAULT NULL,
  PRIMARY KEY (`id`),
  UNIQUE KEY `nqi_book_sn` (`book_sn`)
) ENGINE=InnoDB AUTO_INCREMENT=125 DEFAULT CHARSET=utf8 COLLATE=utf8_unicode_ci;

/*Data for the table `p_books` */

insert  into `p_books`(`id`,`name`,`author`,`ISBN`,`book_sn`,`publisher`,`category_id`,`price`,`remark`,`content`,`texture`,`upload_id`,`upload_url`,`status`,`created_at`,`updated_at`) values (23,'我的妈妈真任性','谢茹','9787547730362','6920190926002','北京日报出版社',1,'0.00','《我的妈妈真任性》 我的妈妈总是想做什么就做什么，她制作过各种怪异的食物，养过超大号的宠物，不打扮得漂漂亮亮绝不出门，说好了要减肥转眼就去吃大餐……故事中的“妈妈”特别随心所欲，但现实生活中的妈妈常常要兼顾家庭和工作，很难任性的做自己。不过，偶尔放飞一下自我，说不定孩子会觉得这样的妈妈也不错呢！',NULL,NULL,21,'book_img/U8p0yjFgeYZ30fYHP0VZgYxGM1ekEEurWChLIUAA.jpeg',0,'2019-10-11 13:40:56','2019-11-05 20:42:53'),(24,'在教室说错了没关系','(日)莳田晋治文','9787555233572','6920190926021','青岛出版社',2,'0.00','教室就是让我们学习的地方, 别害怕说错, 别笑别人说错。尽管安心的举手, 尽管安心的表达吧。小时候, 大家都有过这样的经验: 当老师问问题时, 很想要举手发言, 可是又不敢举手。作者在书中大声的告诉小朋友: “别害怕说错, 别笑别人说错。每个人都要勇敢地表达, 说出自己的想',NULL,NULL,22,'book_img/bT27VD0TrCkvKn3HereYZ7TIxn5r62l40drKqTB6.jpeg',0,'2019-10-12 12:49:27',NULL),(25,'在远方·小岛','[荷]玛海儿•托尔曼，[荷]罗纳德•托尔曼 著','9787530758267','6920190926022','新蕾出版社',2,'0.00','《在远方·小岛》在远方，一片白云票至海上，北极熊顺着云梯而下，他要在茫茫大海中寻找一座小岛。他经过海雀们的小岛，还在太阳岛上找到了渡渡鸟……但是在他心中，只有找到那一座飘着琴声的小岛，他才会落脚。',NULL,NULL,23,'book_img/RwjtbDSg9VR9FPTI5TUfdZcQKNB2MAVtv3is3dhA.jpeg',0,'2019-10-12 12:50:49',NULL),(26,'陶瓷男孩','[法]珍妮.塔伯妮.米瑟拉兹','9787530150191','6920190926023','北京少年儿童出版社',2,'0.00','缺点，每个人都有，可怎样正视自己的缺点，正确对待别人的缺点呢？陶瓷男孩给小读者做了一个很好的榜样！自己有缺点，不怕，要勇敢面对。别人有缺点，不嘲笑，要鼓励，让对方树立信心。每个人都有自己的优点，要看到别人的优点，正确对待自己和别人的缺点，学会与人友好相处。',NULL,NULL,24,'book_img/B0BlvnibiF7xPkipMUtsyeEb1pmcXi0bW2ldGmUV.jpeg',0,'2019-10-12 12:52:07',NULL),(27,'大家一起玩更好玩','弗兰恩.普雷斯顿-甘农','9787549624621','6920190926024','文汇',2,'0.00','大卫是一个小野人，他和好朋友乔都喜欢石头。大卫的石头更大、乔的石头飞得更快、大卫的石头更漂亮……大卫输了，他不开心，还有点儿生气。怎么办呢？大卫和乔一起打磨石头，石头变得又圆又好看。大卫和乔一起玩起了漂亮的石头，小伙伴们都很开心。他们终于找到了很棒的石头，当然，还找到了比石头更棒的东西……',NULL,NULL,25,'book_img/f3fF5RRV1jMwSgqd4catuAUdeTHT3tar9PbYDaXp.jpeg',0,'2019-10-12 12:53:21',NULL),(28,'我们家是世界上最好的家','弗兰恩普雷斯顿甘农','9787549624614','6920190926025','文汇',2,'0.00','大卫是一个小野人，他和好朋友乔都喜欢石头。大卫的石头更大、乔的石头飞得更快、大卫的石头更漂亮……大卫输了，他不开心，还有点儿生气。怎么办呢？大卫和乔一起打磨石头，石头变得又圆又好看。大卫和乔一起玩起了漂亮的石头，小伙伴们都很开心。他们终于找到了很棒的石头，当然，还找到了比石头更棒的东西……',NULL,NULL,26,'book_img/XYD2EZE2l6wML96F3Tfs5wcwvTv4hkdLOF2EhJge.jpeg',0,'2019-10-12 12:54:21',NULL),(29,'我的爷爷是超人','(西)玛塔·卡尼尔(Marrta Cun','9787549627783','6920190926026','文汇',2,'0.00','每一位爷爷都是超人爷爷，有了这样一位超人爷爷，我们可以：不用害怕摔跤，因为爷爷会“飞”过来稳稳地接住我；任性地在爷爷怀抱中张牙舞爪，因为爷爷非常强壮，可以抵挡住任何猛烈的攻击；不用担心刮风下雨，因为神奇的爷爷什么都能预料得到；受了委屈的时候，可以钻进爷爷的臂弯，那里就是一个随时敞开着的避难所。这样的爷爷，就是我们心目中的超级大英雄。',NULL,NULL,27,'book_img/ggvU4A6DSPBQyrkP8qZsr2thnjqP1ocCNlflCPsR.jpeg',0,'2019-10-12 12:55:32',NULL),(30,'我的奶奶是超人','(西)玛塔·卡尼尔(Marrta Cun','9787532168934','6920190926027','上海文艺出版社',2,'0.00','本书为儿童绘本。这本书中的老奶奶, 好像与我们印象中的老奶奶们有点不一样, 她很酷, 有着无尽的超能量……我的超级奶奶 —— 她是世界上*有趣的老人!',NULL,NULL,28,'book_img/RFPREiuxqAFffXnSnYoGRBjkAZ07f0fyhqJ5bShZ.jpeg',0,'2019-10-12 12:56:46',NULL),(31,'请不要随便欺负我','（美）Nancy Carlson（南希·','9787121346842','6920190926028','电子工业出版社',2,'0.00','乔治上学路上被六年级的“大个子迈克”抢走了午餐，他只好每天中午饿肚子。幸好乔治的好朋友哈瑞特发现了这个问题，乔治向哈瑞特诉说了自己的烦恼。聪明的哈瑞特帮乔治想到了一个好主意。    南希·卡尔森通过生动有趣的故事，提醒小朋友在遇到校园霸凌的时候，积极寻求帮助、合理反抗，学会保护自己。',NULL,NULL,29,'book_img/0Ziqb9j43jBYMBz1OQSWsfjpiBArvvVhb25nZMCF.png',1,'2019-10-12 12:57:46','2020-03-08 12:51:18'),(32,'把天空撑起来','亚当','9787518042142','6920190926029','中国纺织',2,'0.00','无论是大人还是小孩在面对困难时，面前都会出现两条道路：一条是坚持，一条是放弃。有许多人会因为缺乏一颗勇敢探索的心或解决问题的信心而选择放弃。《把天空撑起来》则是一本可以启发孩子如何在逆境中寻找希望，创造一个美好的小世界的精美绘本。别致的插画设计，色彩鲜明的印刷风格，能够较好地吸引孩子的注意力和激发阅读兴趣。',NULL,NULL,30,'book_img/OwPRYJs4X7FGjKq4uT8re5vm0l04I3wYtYNObepN.jpeg',1,'2019-10-12 12:59:07','2020-03-08 11:48:51'),(33,'捉迷藏','今江祥智','9787544291323','6920190926030','南海',2,'0.00','非洲大草原上生活着许许多多的动物，狮子、大象、长颈鹿、斑马……毫无疑问，狮子是众多动物中的强者，要是被狮子捉住了，后果不堪设想。可斑马群里偏偏有这样一对与众不同的斑马兄弟，它们毫无畏惧狮子的袭击，竟然跟狮子玩起了捉迷藏，想知道斑马兄弟如何一边玩捉迷藏一边击退狮子吗？那就翻开《捉迷藏》，跟爸爸妈妈一起找出答案吧！',NULL,NULL,31,'book_img/jX7I2FHk0vJlfykZrRL9fHz9rv7wtR4eyfiEYK2u.jpeg',0,'2019-10-12 13:00:19',NULL),(34,'了不起的克劳德','克里斯·卡普斯蒂克','9787518042166','6920190926031','中国纺织出版社',2,'0.00','在《了不起的克劳德》中，克劳德是一名乡村艺术猫，为了实现自己的梦想，他来到了巴黎。在艺术家遍地的巴黎，他逐渐找到了自己的一片天——制作美丽奢华的帽子。名声很快传到了国王那里，国王让他制作一顶世界上华美宏伟的帽子…… 本书系英国绘本大师故事系列，绘图美轮美奂，故事充满创意，又具有一定的教育意义。这本书告诉小朋友，在创新和有远大目标的同时，也要实事求是、脚踏实地，时刻保持以谦逊务实的角度看到问题。',NULL,NULL,32,'book_img/acz3OGsnTSY7dqmezmRaQ6dDtQyRQ9VrmwBWxkGE.png',1,'2019-10-12 13:01:59','2020-03-03 18:01:02'),(35,'小东西','【法】格扎维埃.布龙卡尔','9787559505538','6920190926032','河北少年儿童',2,'0.00','这是关于一只幼鸟的故事，她从鸟巢中不小心掉落，并遇到了一只小虫。 毫无疑问，小鸟将要享受美食了，然而就在这时，这只小虫尾部开始发光！小鸟觉得他很有趣，和他成为了朋友。突然，传来了一个令人害怕的声音，原来是一只猫！他想要吃掉这只小鸟，于是小鸟和小虫迅速躲避到了一个洞穴中。猫的爪子实在是太长了，小虫再次亮起了它的尾部，折射出小鸟巨大的影子。好大的影子，把那只猫都吓跑了，小鸟和小虫两位朋友则安然无恙……',NULL,NULL,33,'book_img/VWafdq6QUZbhc5jvNiPN0yve5VQgLO2oOuybMDV7.jpeg',0,'2019-10-12 13:03:35',NULL),(36,'爸爸告诉我的事','［澳］安东尼?贝尔蒂尼','9787559523495','6920190926033','河北少年儿童',2,'0.00','在我们印象中，母亲传承给孩子的通常是包容，而父亲传承给孩子的通常是智慧、坚强和独立。有很多表达母爱的图画书，表达父爱的图画书较少，《爸爸告诉我的事》便是一本独特的、讲述父爱的图画书。作者借助父亲的口吻，将爷爷告诉他的、他亲身践行的生活哲理用诗歌般短小精炼的语言讲给孩子听，爷爷、爸爸、孩子三代同框，智慧代代相承。诗歌一样简约的文字，很好适合爸爸读给孩子听。',NULL,NULL,34,'book_img/Ga7Ol4pkPiroBi42o2C9a9vju57f7Z73SB92S7KN.jpeg',1,'2019-10-12 13:04:37','2020-03-11 20:25:52'),(37,'梦中的小老鼠','【乌克兰】娜塔莉娅.瓦连京诺夫娜.丘布','9787201140544','6920190926034','天津人民',2,'0.00','《梦中的小老鼠》展现了童话疗法的神奇功能，不但能帮助孩子想办法解决遇到的困难，还能让孩子能敞开心扉，分析产生困境的原因，想出解决的办法，从而让孩子增加信心，对生活充满希望。',NULL,NULL,35,'book_img/AWXE4PUNKwJkdj3bPhe2DP1Qbu7LvKz3tACxu0Jd.jpeg',0,'2019-10-12 13:06:40',NULL),(38,'小叶子去旅行','[乌克兰]娜塔莉亚·瓦连京诺夫娜·丘比','9787201140537','6920190926035','天津人民',2,'0.00','在大森林中，小叶子是成千上万片树叶中的一员。它居住在树枝上，每天只能看到周围所发生的一切。但是有一天，为了看看这个大千世界，给自己找点新奇有趣的事情，小叶子就决定去旅行了。它借助一阵儿大风，飞了下来，顺着小溪漂走了。一路上，它遇到了小昆虫、小小鸟、猫头鹰……*后，在一名小女孩的帮助下，它顺着河流漂向了远方。',NULL,NULL,36,'book_img/Lho6ns8MZko87wbDuRe1JCFKeznxzW7lGgfz2moI.jpeg',1,'2019-10-12 13:07:46','2020-03-11 21:35:05'),(39,'贝斯，别哭','（乌克兰）娜塔莉亚.瓦连京诺夫娜.丘布','9787201140551','6920190926036','天津人民',2,'0.00','贝斯是一只可爱的小狐狸，她经常因为各种理由哭泣，比如天下雨了，她哭；出太阳了，她也哭。有一天，她和小青蛙玩游戏输了，伤心的哭个不停，结果眼泪流成了小湖，她被困在中间了。小兔子和小獾听到了她的求救声，造了一艘小船把她救走了。贝斯本来想流下开心的泪水，却发现一滴泪水也没留下来。从此，她再也不哭了。',NULL,NULL,37,'book_img/WdMA5S5W0Sk0B6XTMoDkDBsIeRxl9UmFNZjsX9GH.jpeg',0,'2019-10-12 13:10:39',NULL),(40,'月光下的阿提','[匈]济斯·欧托 著；[匈]杭高·雷卡','9787547429662','6920190926037','山东画报出版社',2,'0.00','有一天，小男孩阿提来小镇度假时认识了阿明爷爷，爷爷告诉了他关于月亮灯、汉娜小姐和神奇汽车的很多故事。一年后，阿提再次来小镇度假时，阿明爷爷却不见了。但是他留给了阿提一样东西，是组装神奇汽车的图纸！',NULL,NULL,38,'book_img/RVoBa0JFow5WH8NXJIHwDEM1sWLipGZTVFg0Feqp.jpeg',0,'2019-10-12 13:13:02','2020-03-11 20:25:31'),(41,'镜子后的阿提','济斯·欧托 著；杭高·雷卡 绘','9787547429655','6920190926038','山东画报出版社',2,'0.00','一年夏天，小男孩阿提在姑妈家玩耍时，无意中发现镜子后面有一个密室。原来十几年前，这个密室是用来藏亲戚盖佐叔叔的。阿提和表妹艾莉卡像发现了宝藏一样，在里面玩耍。一年后，姑妈病重，正当每个人都愁眉不展时，盖佐叔叔的包裹到了。',NULL,NULL,39,'book_img/5DyBAlOlYUGVLmEMAUNef0aG6PmWXsz2L8FDPFpp.jpeg',0,'2019-10-12 13:14:09',NULL),(42,'飞翔的阿提','济斯·欧托 著；杭高·雷卡 绘','9787547429839','6920190926039','山东画报出版社',2,'0.00','小男孩阿提在梦中都渴望飞翔，为了实现这个梦想，他尝试过很多办法，但是，都失败了。有，爸爸带他去了一个神奇的地方，从此，小阿提更加坚定了飞翔的梦想。',NULL,NULL,40,'book_img/rIilFh5LUnUFl928NBi4GHUpUvjvIqL0OU8d2PXR.jpeg',0,'2019-10-12 13:15:46',NULL),(43,'超级恐龙系列-恐龙挖掘队','[英]潘妮.黛尔','9787537671811','6920190926040','河北少年儿童出版社',2,'0.00','十只恐龙在挖掘…… 挖一个大大的、大大的洞， 为了…… 十只恐龙齐心协力，团结一心。 这个趣味温馨的故事，送给每一位超级恐龙的狂热粉丝！',NULL,NULL,41,'book_img/AiixIRRIf4TB3xRFPpW72Wl7RmrvREJEM0qMB8st.jpeg',1,'2019-10-12 13:22:02','2020-03-08 19:26:09'),(44,'究竟发生了什么','茱莉娅·诺豪斯','9787514377217','6920190926041','现代出版社',2,'0.00','淘气的斯坦是一个情绪比较暴躁的孩子，他发明了一个情绪吸尘器，要把所有带有快乐和有趣的东西吸掉。妹妹卧室里漂亮的装饰、天空的彩虹，动听的音乐……直到他想吸掉一个小姑娘的棒棒糖时，这个情绪吸尘器突然坏掉了……',NULL,NULL,42,'book_img/R0V78G8L80UXtTcKGM9Nw5d42BMdGeRt0DcJLiNg.png',0,'2019-10-12 13:27:18',NULL),(45,'诺亚方舟','杰里·平克尼','9787550378387','6920190926108','北京联合出版公司',2,'0.00','整整40天，上帝降下倾盆大雨，覆盖了整个世界。 只有诺亚被上帝选中，也只有他才能拯救地球上所有的生命。 这个救世主的故事深深吸引了几个世纪的人们。 我们从这个古老的寓言故事中捕捉到了所有的勇气、戏剧性、美感，并呈现在辉煌的画作中。作品充满了敏感的细节和情感，带来新的生命意义和关于和平的重要性。',NULL,NULL,43,'book_img/YBJfOK6Hpw6Uq1T8GxnqDrfBSxFjaiExpEgMFvlw.png',0,'2019-10-12 13:30:47',NULL),(46,'宝贝不可以','小知了','9787514218343','6920190926042','印刷工业',2,'0.00','感冒时，猴子手挖鼻孔，我用纸巾擤鼻涕；河马打喷嚏喷的哪儿都是，我用手帕捂嘴巴防止污染；猪猪外出回来不洗手，我用香皂勤洗手；乌龟不敢进医院治疗，我勇敢接受。吃药、洗手、吃饭、休息，感冒就会远离了。',NULL,NULL,44,'book_img/Jz4poGvwQGDgGLuWqBJvtom4zo57d083jtB2gi8w.jpeg',0,'2019-10-12 13:34:51',NULL),(47,'小瓢虫骑车记','克丽丝·门罗','9787537683074','6920190926107','河北少年儿童出版社',2,'0.00','“我们到了吗？”“别急，就快到啦！”骑自行车的小瓢虫开心地说。有一天，小瓢虫骑上自行车，邀请他的好朋友们一起出发……从蚂蚁滚木团到会划船的工匠蛤蜊，大家都跟随小瓢虫在森林里穿行，可谁也不知道他们到底要去哪里。不过，这次长长的旅行让大家都很开心呢！',NULL,NULL,45,'book_img/m4DtW0HDpQ1IsT2dAbxjWJXX2mAGfOhs9QcSktee.png',0,'2019-10-12 13:35:40',NULL),(48,'无聊的克莱尔公主','【美】蒂姆·J·迈尔斯','9787559310255','6920190926043','黑龙江美术',2,'0.00','克莱尔公主不知怎么了，她的笑容就像小鸟一样飞走了。 她住在一个人来人往的大城堡里。在这儿，每个人都总有很多事情要做。在这个特别的日子里，大家都步履匆忙地做着重要的事情。只有克莱尔孤单地坐在吊桥上，看起来闷闷不乐。而且，她已经不止一次这样了……人们纷纷发问，克莱尔公主到底怎么了呢？ 作者用独特的的观察角度、好奇心和想象力，描述了克莱尔公主的“无聊”产生原因，也让我们明白：沟通与陪伴对幼儿成长时光的重要性',NULL,NULL,46,'book_img/UjBtk0rWLrAjqq67vHoW7zE0QIlSJAHWTI3jdgAi.png',0,'2019-10-12 13:36:35',NULL),(49,'飞到月亮上的鼠小弟','马克·福尔洛蒂','9787558166600','6920190926106','吉林出版集团股份有限公司',2,'0.00','这本书是给胆小宝宝的福利，鼠小弟马尔提诺和朋友们信在一所老农舍里，他因为天生胆小，所以总是一副很酷、很冷漠的样子，对任何事情都没有表情。朋友们为了改变它，想了种种办法，后来还把鼠小弟送上了太空。亲吻过月亮的鼠小弟会变得胆大吗？',NULL,NULL,47,'book_img/2wpQqabS2RmgMFNCuf3hLQQmgRoG9Xr3y6d5kAwX.png',0,'2019-10-12 13:37:37',NULL),(50,'第一次自己坐巴士','玛丽安娜·迪比克','9787551144759','6920190926105','花山文艺出版社',2,'0.00','找呀找呀找朋友， 找到几个好朋友。 请问露西的好朋友都是谁？ 他们分别带了什么去野餐？ 他们一起去寻宝，找到了什么宝贝？ 蛋宝宝后来找到妈妈了吗？ 和朋友们在一起，感觉真是太棒了，不是吗？',NULL,NULL,48,'book_img/X7oO1xFmtAmURqNpknBRDCGWi4UODHDg4H1gEA8d.png',0,'2019-10-12 13:38:59',NULL),(51,'一直特立独行的鸡','梅根·多德·兰伯特','9787559310248','6920190926044','黑龙江美术出版社',2,'0.00','克莱德是刚入住晨曦农场的一只公鸡，但是他觉得他很难融入进这个环境中，替代原来拉里，拉里的鸡鸣声一直是农场里的一个传奇。牛啊，羊啊，母鸡啊，大家都很怀念拉里，克莱德其实很优秀，却走不进大家的内心。他想要大家都喜欢自己，于是他开始模仿拉里，穿上精美的服饰表演节目，这一直是拉里之前为大家所推崇的。直到最后克莱德意识到，模仿拉里不是成功的关键，找到属于自己的特立独行的风格，才能被大家认可。',NULL,NULL,49,'book_img/dEoAFpxPGAKfJfeBJjE90ml9LX6d7NIV4uhx0fR2.png',0,'2019-10-12 13:39:59',NULL),(52,'你想变成什么','【西】艾丽安娜·帕皮尼','9787559310262','6920190926045','黑龙江美术',2,'0.00','瑞贝卡说，她想变成一条鱼，因为变成鱼之后她就可以在大海里自由地游来游去...鱼说它要变成一只猫头鹰，猫头鹰说自己想要变成一条鳄鱼，鳄鱼想要变成……就这样周而复始，形成一个循环，*后得出一个结论：想象力能够让我们变成我们想要的。这是一本关于梦想的书，该作品获得圣地亚哥教育部颁发的IV国际图书插画大奖。 不管是温顺的鱼，还是狂野的猫头鹰和鳄鱼，他们都想变成其他的动物。这是一个动物与动物间彼此关联、周而复始的关于想象力的故事。',NULL,NULL,51,'book_img/TLYobojQjcWCMorulrRFhf1bDXiyg96fDY23q941.jpeg',0,'2019-10-12 13:44:36','2019-11-05 20:37:17'),(53,'班石心灵成长绘本-小猫迷你','（奥）赫尔嘎·班石','9787536594203','6920190926046','四川少年儿童',2,'0.00','《小猫迷你/班石心灵成长绘本》属于“班石心灵成长绘本”系列。故事从被动物园中猫科动物收养的小猫迷你学本领，*后用这些本领赶走恶狼的故事，体现出对于收养儿童的人文关怀。没有同情与特殊关注，大个儿亲戚们选择传授本领来教育小猫迷你，让它充满自信与快乐地成长。《小猫迷你/班石心灵成长绘本》画面色彩艳丽，形象塑造特色鲜明，故事角度新颖，具有一定可读性。　　小猫迷你是被动物园里的猫科家族收养的小猫。每个家族成员都将自己的绝技教给了它。事实证明，小猫迷你真是太走运了！',NULL,NULL,52,'book_img/HS5613ex3az8JwnqtNRY8rO8lNOR3u4t1f4Onxke.jpeg',1,'2019-10-12 13:49:45','2020-03-11 21:23:01'),(54,'班石心灵成长绘本-老鼠冤家','（奥）赫尔嘎·班石','9787536591776','6920190926047','四川少年儿童',2,'0.00','《老鼠冤家/班石心灵成长绘本》记叙佐茉太太与家中老鼠们斗智斗勇，终圆满解决这次“人鼠危机”的故事。作者用一个精彩有趣的小故事，表现换个角度看问题的智慧。《老鼠冤家/班石心灵成长绘本》画面童趣自然，结局让人意想不到，具有一定的可读性。　　佐茉太太家里来了一群老鼠，这让她非常生气。 她用尽各种办法，想把这些讨厌鬼赶出去。',NULL,NULL,53,'book_img/3E2eZFilt8UDanCM6FRFO2yYGQDn78ZnpG0ujc4H.jpeg',0,'2019-10-12 13:51:09',NULL),(55,'铅笔的100个梦','齐德鲁','9787532167753','6920190926048','上海文艺出版社',2,'0.00','这是铅笔的梦，这是孩子的梦。 孩子天生是造梦的高手，他们只要打开一个笔袋，就可以营造出一个丰富的幻想王国。他们用身边随处可见的铅笔，造出奇妙的幻想王国——铅笔尖是摩天大楼、鳄鱼牙齿、森林里的树干，铅笔屑也成了焰火、太阳、落叶、火山、蝴蝶结…… 这是孩子的梦，这是诗人的梦。',NULL,NULL,54,'book_img/MTLfUAfjsXVItKipYy0IexUleZA3biX5V5wtFSHJ.png',1,'2019-10-12 13:52:39','2019-11-26 22:27:09'),(56,'驴爷爷和鼠奶奶','妮可.德.考克','9787559505811','6920190926049','河北少儿',2,'0.00','尽管有人会感到很纳闷儿，高大的小毛驴和弱小的小老鼠怎么会成为好朋友呢？但友谊就是这么奇妙，在一点一滴的相处中，它诞生了。 派克和皮皮的友谊纯粹、真挚，为了对方，他们愿意毫无保留地付出。这不，皮皮想玩过家家，派克不就心甘情愿地戴上老花镜、围上围巾，扮起爷爷了吗？派克和皮皮的生活简单、快乐，没有大风大浪，没有五彩缤纷，平淡得无须用任何华丽的词藻来形容。',NULL,NULL,55,'book_img/sHROh9nBf0p8p9wxiHZR59KEqIZWCgfeYsWhyJjN.jpeg',0,'2019-10-12 13:57:28',NULL),(57,'第一次和朋友去野餐','玛丽安娜·迪比克','9787550276703','6920190926104','北京联合出版社',2,'0.00','找呀找呀找朋友， 找到几个好朋友。 请问露西的好朋友都是谁？ 他们分别带了什么去野餐？ 他们一起去寻宝，找到了什么宝贝？ 蛋宝宝后来找到妈妈了吗？ 和朋友们在一起，感觉真是太棒了，不是吗？',NULL,NULL,56,'book_img/qelOd4ltj0BW2IVViC0LGYD9oOYzvaRp3uxFPy2y.png',0,'2019-10-12 13:57:45',NULL),(58,'大熊迷失了','乔尔·斯图尔特','9787551143660','6920190926103','花山文艺出版社',2,'0.00','正值冬季，大熊艾迪斯·伯纳来到一个陌生的城市。这个城市好大好大，让人摸不着头脑，一切都是那样喧嚣而迅捷……艾迪斯一下子忘了自己为什么要来这儿。在一些人的帮助下，大熊艾迪斯终于想起了自己来这儿的原因。他要做的这件事不仅对自己意义重大，还为他人带来了奇妙的体验。',NULL,NULL,57,'book_img/00Nzka0r9OopTXgIcBmj6X0kVEukjdY6kvxWOvTC.png',0,'2019-10-12 13:59:13',NULL),(59,'小熊也想飞','苏珊娜·埃斯恩','9787520001489','6920190926102',' 中国大地出版社',2,'0.00','\"”森林里的动物都在谈论这个惊人的话题。有些动物觉得根本就不可能，可是为什么不试一试呢？这是一个关于友情的故 ，大家齐心协力终于有了收获，为梦想而努力多么重要啊——不管它看起来有多难。',NULL,NULL,58,'book_img/zyqGz76iCiHMtIVQSXybsY3imRtmg0tRRO748Pbi.png',1,'2019-10-12 14:00:57','2019-12-01 21:50:02'),(60,'情绪吸尘器','保罗','9787518042173','6920190926050','中国纺织',2,'0.00','淘气的斯坦是一个情绪比较暴躁的孩子，他发明了一个情绪吸尘器，要把所有带有快乐和有趣的东西吸掉。妹妹卧室里漂亮的装饰、天空的彩虹，动听的音乐……直到他想吸掉一个小姑娘的棒棒糖时，这个情绪吸尘器突然坏掉了……',NULL,NULL,59,'book_img/HdE4Vwb8J1rc9lyOMg5EBY6jmDI0LfUZYqNacgXt.jpeg',0,'2019-10-12 14:01:21',NULL),(61,'螳螂演奏家','唐·弗里曼','9787559314741','6920190926101','黑龙江美术',2,'0.00','螳螂马努埃洛十分喜欢音乐，听着美妙的音乐会，多希望也能成为一名音乐家啊！它想做一支长笛，却吹不出声音；想做一把竖琴，却拉断了琴弦。其他昆虫都嘲笑它。正在沮丧的时候，蜘蛛黛比跟它说：“咱们一起制作大提琴吧！”说干就干，马努埃洛找来胡桃壳，木棍和琴弓，黛比吐出柔韧的丝线当琴弦——大提琴做好了！美妙的旋律在夜空中响起，昆虫们都来了……',NULL,NULL,60,'book_img/XxbzBnUoHNyjzfBcCCDvxFL6LfH6NspUTrbPXNWv.png',1,'2019-10-12 14:02:24','2020-03-03 18:06:20'),(62,'聪明的亚历山大','(英)克里斯？卡普斯蒂克','9787518042159','6920190926081','中国纺织出版社',2,'0.00','克里斯？卡普斯蒂克著的《聪明的亚历山大(精)/靠前大师经典绘本系列》讲述了当小狗亚历山大长大，意识到他生而为奴的命运时，他快乐的童午结束了。巨猫和他们小体型的表亲们，强迫小狗们成天忙碌地工作。然而小狗们已经受够了……到了改变的时刻！这是一场带来巨大改变的革命性传说！',NULL,NULL,61,'book_img/MWeUHBfuwQ07djWRdie7Wkc98GhzTjmsLuOO5grD.jpeg',1,'2019-10-12 14:02:45','2020-03-11 22:39:10'),(63,'胆小驴和胆大鼠','妮可·德·考克','9787537683302','6920190926100','河北少年儿童出版社',2,'0.00','胆小的驴和胆大的老鼠是好朋友，老鼠每天都在安抚事事害怕的驴。驴害怕从高高的潜水板上跳下来，害怕波涛汹涌的大浪。但在老鼠看来，在大风大浪里玩耍是件**有趣的事情。对于每件可怕的事情，老鼠都有解决的办法。可是，有没有哪件事情是老鼠害怕的呢？',NULL,NULL,62,'book_img/0HO600Jr2f28Nv3wZNcHu8gk840JkmIjNHMSxkkO.png',1,'2019-10-12 14:03:51','2020-03-08 13:35:39'),(64,'嘘，谁在门口','迪尔克·亨尼希','9787559505569','6920190926099','河北少年儿童出版社',2,'0.00','小伊和吱吱一路上走过了五大迷宫——黑莓灌木丛、长满睡莲的池塘、垂到河对面的大树、鼹鼠挖的地道、企鹅群。只有选择正确的道路，才能够走出迷宫。一开始，他们可能会花很长时间才能走出去，但走了几个迷宫之后，一定能更快地找到走出去的方法。迷宫里有各种宝藏，有各种惊喜，蕴藏着科普知识，如果没那么快走出去，还可以欣赏到别样的风景，也不错哟！ 而且，这本书还散发着“友谊”的力量和“选择”的智慧。',NULL,NULL,63,'book_img/dNFBjW3yOVrfYGe6RVj3sK6O9zqy9QOVoA53HsE1.png',0,'2019-10-12 14:05:11',NULL),(65,'愚公移山','杨永青','9787530762424','6920190926098','新蕾出版社',2,'0.00','我国古代著名的神话故事之一，选自《列子·汤问》，入选了中学语文课本。讲述的是太行山、王屋山脚下的老人愚公，因为大山挡住出门的路，下定决心带领子孙世世代代移山开路，终感动天神，将太行、王屋移走的故事，表现的是对恒心、毅力与无以伦比的行动力的激赏，这是我们传统文化中最为提倡的价值观。',NULL,NULL,65,'book_img/gvdHakHy0i1Bk90i0HZtwCweNXWQHDUgjQzqZ3Ja.png',0,'2019-10-12 14:07:03','2019-10-12 14:33:50'),(66,'艾米丽和娜内特-雪花和仙女的愿望','索菲·提莉','9787552540543','6920190926082','阳光',2,'0.00','艾米丽和娜内特是一对好朋友，永远的好朋友，她们一起分享秘密，一起探险，一起做很多很多有趣的事……圣诞节快要到了，艾米丽和娜内特不仅要准备她们两个人的圣诞节，还要为学校的圣诞节做准备，两个人既开心又激动，她们做纸链、写圣诞卡、包圣诞礼物……可是，娜内特突然生病了，两个小姐妹还能一起过圣诞节吗？',NULL,NULL,64,'book_img/KDn1sC6IFFeWprS1mPb7kSmGEyVHC82V9ZLNShHh.jpeg',1,'2019-10-12 14:07:06','2020-03-08 12:24:24'),(67,'女娲补天','杨永青','9787530762448','6920190926097','新蕾出版社',2,'0.00','中华文化中精髓的创世神话，讲述天神女娲创造人类，照顾人类，并带领人躲避洪水、野兽、山火等灾难，过上幸福安宁的生活的故事。这是华夏祖先对于人从何而来，如何走到今天的创造性回答，也表达了处在残酷自然环境中的先民们，对于风调雨顺、宁静祥和生活的向往。',NULL,NULL,66,'book_img/kns9ynsCXy52Z2ZzX43U4CwXEi8Qn1SQHwMNlsdN.png',0,'2019-10-12 14:08:18','2019-10-12 14:17:58'),(68,'小狗恩佐寻找圣诞树','加思·斯坦','9787550288935','6920190926096','北京联合出版公司',2,'0.00','一家人去往树木农场，那儿有许多高大的冷杉、苹果酒，还有纽芬兰犬——恩佐一生见过最美的狗，还可以帮他们用雪橇拖走圣诞树。当卓伊和恩佐一起寻找完美的圣诞树时，天上飘雪了，卓伊迷了路。当恩佐救她时（用自己的叫声），并向她保证，永远不会抛下家人。',NULL,NULL,67,'book_img/Vw7YqqqDSPWSxmPs14Vz06Bh8eEVpTdgtB6eTMNR.png',0,'2019-10-12 14:10:25',NULL),(69,'闪亮的小海星','帕特里克·麦克唐奈','9787514373813','6920190926095','现代出版社',2,'0.00','从碧蓝的浅海到幽寂的深海，从可爱的米诺鱼到大块头蓝鲸，从遇到章鱼到和会发光的琵琶鱼对话，小海星一直在寻找更壮丽的风景，幻想自己能成为天空中闪亮的星星，可是她还没有发现自己所拥有的已经超乎了她的想象…… 小海星希望变成天上的小星星，羡慕它们会发光，她渴望外面的世界，不想住在黑暗的大海里。可是当她开始去了解周围的一切，才发现原来自己生活的世界竟然如此丰富多彩，还有很多伙伴也非常了不起。宁静蔚蓝的大海深处正在上演怎样的精彩？丰富多样的鱼类又有什么特殊之处？这些都等待着小海星去一一探索。优美的文字，细腻而生动的图画，把波澜壮阔的海底世界描绘得活力四射，海底的秘密也随之精彩呈现。让孩子主动发现身边世界以及生命的美好，学会接纳自己，发现自己和身边人和事物的闪光点。',NULL,NULL,68,'book_img/ocaZUslEkOMCCbGeZPpK4zAtROrme1FI5V9WPja2.png',0,'2019-10-12 14:11:41',NULL),(70,'快乐的小黄鸭-亚历山大的皮球','阿兰·布列翁','9787512209152','6920190926083','中国民族摄影艺术出版社',2,'0.00','本书的主人公亚历山大是个有点笨拙但**聪明的小鸭子 有点笨拙的身姿和呆萌的表情深受小读者们喜爱 它会带着小读者们去认识企鹅、火鸡、鳄鱼 并成为它们中的一员 去体会小动物世界里的玩耍、打闹和争执 感受小动物们的视角和内心世界 开心、快乐、悲伤、沮丧……',NULL,NULL,69,'book_img/rMdcBnpcs02TAa9vmRdUgpARcC2lRql0JVyaawbZ.png',1,'2019-10-12 14:12:11','2020-06-25 17:40:59'),(71,'很历害的长颈鹿','蔡智恒','9787539564265','6920190926094','福建少年儿童出版社有限责任公司',2,'0.00','本书的主题是让孩子明白坚持不懈的意义。故事中的长颈鹿喜欢玩，可是妈妈总是让它呆在家里练习踢腿，因为只有练好踢腿的功夫，才能够对付狮子。有一天，长颈鹿实在忍受不了了，它离家出走了。长颈鹿遇见了羚羊和斑马，它们都很勤劳地练习生存技能。因为缺乏练习，小长颈鹿差点被狮子抓住了，幸好妈妈救了它。它终于明白，坚持练习的重要性',NULL,NULL,70,'book_img/SVKjq3yluAY7HHNfyRTEJJIvDVkA8Ak6AkeanTUd.png',0,'2019-10-12 14:13:15',NULL),(72,'了不起的奇车侠','皮埃尔.克鲁科','9787530150184','6920190926093','北京少年儿童出版社',2,'0.00','魔蛙是个大坏蛋，它偷走了我的机器人娃娃。为了拯救我的宝贝，我用上了自己新发明的神奇汽车——奇车侠。疯狂的追逐开始了，我开着奇车侠和魔蛙交战，在空中，在海里，甚至在太空中！我能打败魔蛙，救回我的宝贝——机器人娃娃吗？我的奇车侠到底有多厉害呢？',NULL,NULL,71,'book_img/EpsMVnLSW2JTa1AEWmnOFV46jU475SBGyNLnxFU8.png',0,'2019-10-12 14:14:21','2019-12-01 22:28:28'),(73,'快乐的小黄鸭-亚历山大与企鹅','阿兰·布列翁','9787512209152','6920190926084','中国民族摄影艺术出版社',2,'0.00','本书的主人公亚历山大是个有点笨拙但**聪明的小鸭子 有点笨拙的身姿和呆萌的表情深受小读者们喜爱 它会带着小读者们去认识企鹅、火鸡、鳄鱼 并成为它们中的一员 去体会小动物世界里的玩耍、打闹和争执 感受小动物们的视角和内心世界 开心、快乐、悲伤、沮丧……',NULL,NULL,72,'book_img/NtuNdtn4VBABuOzu0o5h1pXKpE7f7X0zPhppBEL7.png',0,'2019-10-12 14:14:31','2019-11-05 20:36:43'),(74,'奥期斯卡的小红船','乔·奥斯兰德','9787530152775','6920190926092','北京少年儿童出版社',2,'0.00','和好朋友互相争一个玩具？朋友有了新的伙伴，不理自己了？孩子只顾自己玩，不关心小伙伴的感受？当朋友比自己好时，当朋友离开时不知怎样放手？总是和朋友比这比那，*终不欢而散？读“友谊的小船”，让孩子学会处理在中遇到的典型问题，拥有快乐的人生。',NULL,NULL,73,'book_img/5d8nMj5zD3LAk91fC4ZJOCr6hJKqSeACiiAm9rM1.png',1,'2019-10-12 14:15:37','2019-12-01 21:20:35'),(75,'帕瓦罗蒂，你真吵','索菲·施密德','9787559506399','6920190926091','河北少儿',3,'0.00','一只小刺猬帕瓦罗蒂特别爱唱歌，整夜整夜地唱歌，它甚至觉得自己是一只夜莺。和它做邻居成了一件特别辛苦的事，大家想了好多办法来组织小刺猬唱歌。但是小刺猬坚持认为自己是一只夜莺，夜莺就应该在晚上唱歌。于是一系列可爱又暖心的故事开始啦……',NULL,NULL,74,'book_img/eAriObHMhDGkQaG18aOai1QSWBk05plH2vctbAKB.png',0,'2019-10-12 14:16:57','2020-03-01 17:15:15'),(76,'我的企鹅爸爸','秦岩','9787545546965','6920190926001','天地出版社',1,'0.00','孩子爱玩是天性，尤其是现在的孩子，在信息化现代化的今天，玩游戏更是家常便饭，常常将善意叮咛的爸爸当成了惹人烦的讨厌鬼。本书用新颖有趣的故事、温暖的语言传达出浓浓的父爱与父子情。温馨唯美的画面帮助孩子学会理解，学会感恩。',NULL,NULL,75,'book_img/9joXSfH0XLPvbsMSLKoBcQoqe2iYFc2g83pkBFCZ.jpeg',0,'2019-12-04 14:17:27',NULL),(77,'我的爸爸真任性','谢茹','9787547730362','6920190926003','北京日报出版社',1,'0.00','我的爸爸很任性，他喜欢挑食、做恶作剧，为了让我陪他玩儿甚至不想让我去上学……故事中“爸爸”的所作所为不正是生活中孩子们爱做的吗？读完这个故事，孩子一定能从这个“爸爸”的身上找到自己的影子，也一定会感受到生活中的爸爸妈妈有多抓狂！哈哈。',NULL,NULL,76,'book_img/uNI9PxtJ5PTnD3awvGyPzjHFLRCrT4Ka1BnRvYcJ.jpeg',0,'2019-12-04 14:22:33',NULL),(78,'抱抱兔-不想穿毛衣','[英]马克·伯彻尔','9787550270725','6920190926004','北京联合出版公司',2,'0.00','小兔子不情愿地穿上毛衣，感觉真不舒服，毛衣太大了，小兔子跑出去玩，把毛衣弄得一身泥土，没办法，只好让妈妈洗一洗了，洗完之后，毛衣缩小了，反正也不能穿了，给抱抱兔先生穿吧。',NULL,NULL,77,'book_img/yjYCrrtxKS5cDDKm6qxmhem03asucxSEwdvmfPTB.jpeg',0,'2019-12-04 14:26:45',NULL),(79,'抱抱兔-生日大惊喜','[英]马克·伯彻尔','9787550270725','6920190926005','北京联合出版公司',2,'0.00','小兔子在生日聚会上发现*好的朋友抱抱兔玩偶不见了，整个人都不开心了，幸亏有魔法师鳄鱼先生，一下子就把抱抱兔变出来了，小兔子顿时喜笑颜开，和朋友们开心地玩耍了。',NULL,NULL,78,'book_img/Berd80sWyphGakGYhr6zEqiL3sUgq8XxBLfCuzBv.jpeg',0,'2019-12-04 14:27:58',NULL),(80,'自我保护意识培养-我不跟你走','[德]达柯玛尔.盖斯勒','9787205086510','6920190926006','辽宁人民出版社',1,'0.00','露露独自一人站在街头等家长来接她。一位阿姨恰巧走来说：“你好，露露！来，我送你回家吧！”这位阿姨和露露住在同一个小区。可是她究竟叫什么名字呢？她的红头发到底是不是真的？这一切露露都不清楚。“我不认识你，我不跟你走！”露露说，“而且妈妈说了，我得等着！” ',NULL,NULL,79,'book_img/PGRYZOZZHHi9d31FiYDC5x9UJoLgnW7Omq6CfgFc.jpeg',0,'2019-12-04 14:29:19',NULL),(81,'自我保护意识培养-别想欺负我','[德]达柯玛尔.盖斯勒','9787205086510','6920190926007','辽宁人民出版社',2,'0.00','“求求你们了，让我过去吧！”吉姆很害怕，不敢往前走了。大个子雷奥和讨厌鬼卢卡挡住了她的去路，还推她，威胁她交出新书包。他们俩看上去比吉姆高大很多，也强壮得多，而且他们是两个人。于是，吉姆变得越来越小，小得像只老鼠。她只想溜掉，她能怎么做呢？',NULL,NULL,80,'book_img/WN8bAYxyHOukFUbU78xB9GjXNAGKyRryL1bGTnhP.jpeg',0,'2019-12-04 14:31:02',NULL),(82,'骑士与龙','[美]玛格丽特·霍奇斯','9787530676189','6920190926008','百花文艺出版社',2,'0.00','很久很久以前，那时候的土地上生活着精灵、仙女和怪兽。恶龙在乡间田野为非作歹，公主为了寻找屠龙的勇士独自离开城堡，终于找到了一名骑士。这名骑士骁勇善战，屡战屡败，却不肯放弃，直到他把恶龙杀死，后来骑士与公主结为夫妻，过上幸福的生活。',NULL,NULL,81,'book_img/kUjtn5yytXcESDKMTMK77kqsf8yMlVS9Pw4MTnJq.jpeg',0,'2019-12-04 14:32:38',NULL),(83,'亨利和雪怪','[英]罗素·艾图','9787514373806','6920190926009','现代出版社',2,'0.00','这是一个关于坚持和梦想的故事，面对质疑、嘲笑和困难，亨利做出了完美的示范——坚持能让梦想成真。画面背景宽阔静谧，人物没有表情，作者却通过简单的线条、人物间简练的语言，搭起了丰富的跌宕起伏的情节，*终的圆满结局也让大人和孩子都松了一口气，给予了孩子坚持梦想的勇气。',NULL,NULL,82,'book_img/gBVC2MfryLfkNzoKO31GG34mDMbGnFL4Seo0VKti.jpeg',0,'2019-12-04 14:33:49',NULL),(84,'青蛙是王子吗？','蔡智恒','9787539564272','6920190926010','福建少年儿童出版社',2,'0.00','让孩子正确认识自己。故事里的小青蛙觉得自己和童话故事里一样，是一名受了魔法诅咒的王子，只要有人愿意亲它一下就能解除魔法。他来到王子居住的皇宫，体验了王子的生活，还想请公主给它一个解除魔法的吻。可是，在皇宫里发生的一切都太糟糕了。原来皇宫并不适合他。*后小青蛙认识到自己就是一只小青蛙，一只擅长捕捉蚊子的小青蛙，做回自己才能拥有真正的快乐。',NULL,NULL,83,'book_img/hsI4Qd9dK3rBX97LEJa8ozimHLp8EgbcIfYVr5TH.jpeg',0,'2019-12-04 14:35:13',NULL),(85,'小小科学家绘本-藏猫猫的水精灵','保冬妮','9787514830682','6920190926011','中国少年儿童出版社',1,'0.00','《小小科学家绘本》系列邀请著名作家保冬妮老师创作，以绘本的形式给孩子们讲解身边的科学，给读图阶段的孩子带来更多新鲜有趣的科学知识。内容既有讲解，又有问答，让孩子开动脑筋，积极参与。《藏猫猫的水精灵》通过一个小孩贝儿寻找水精灵的过程，给孩子讲解水的三种形态-三态之间的变化。',NULL,NULL,84,'book_img/AQRnluZSl2NzZqz9RfrTFZrTX8a9SgytdFMgRwIX.jpeg',0,'2019-12-04 14:37:10',NULL),(86,'小小科学家绘本-豆芽君，加油！','保冬妮','9787514830743','6920190926012','中国少年儿童出版社',1,'0.00','《小小科学家绘本》系列邀请著名作家保冬妮老师创作，以绘本的形式给孩子们讲解身边的科学，给读图阶段的孩子带来更多新鲜有趣的科学知识。内容既有讲解，又有问答，让孩子开动脑筋，积极参与。《豆芽君.加油》通过一个小男孩跟奶奶一起观察豆子变成豆芽的过程，了解植物生长的奇妙。',NULL,NULL,85,'book_img/z5AmtRnCo9ZkRBHVCWS0S9kgnRHAGxooFyIDANi1.jpeg',0,'2019-12-04 14:38:51','2019-12-04 14:39:08'),(87,'小小科学家绘本-我和影子','保冬妮','9787514831948','6920190926013','中国少年儿童出版社',1,'0.00','《小小科学家绘本》系列邀请著名作家保冬妮老师创作，以绘本的形式给孩子们讲解身边的科学，给读图阶段的孩子带来更多新鲜有趣的科学知识。内容既有讲解，又有问答，让孩子开动脑筋，积极参与。《我和影子》通过小男孩一天中不同时间影子的变化，来了解影子的相关知识。',NULL,NULL,86,'book_img/sEvu5EuKp63n0SeRJkvKMbDpsdFPeYjlm6XtAm6M.jpeg',0,'2019-12-04 14:40:34',NULL),(88,'小小科学家绘本-和泡泡一起飞','保冬妮','9787514832167','6920190926014','中国少年儿童出版社',1,'0.00','《小小科学家绘本》系列邀请著名作家保冬妮老师创作，以绘本的形式给孩子们讲解身边的科学，给读图阶段的孩子带来更多新鲜有趣的科学知识。内容既有讲解，又有问答，让孩子开动脑筋，积极参与。《和泡泡一起飞》通过描绘巧巧对生活中泡泡的观察，以及以及在爸爸的帮助下配置泡泡水的过程，让孩子了解泡泡为什么会产生，怎样才能吹出又好玩的泡泡。',NULL,NULL,87,'book_img/32M5WiDjcX7uZKYrv8HNrTLBrWySUN0Lf7RwbCz6.jpeg',0,'2019-12-04 14:41:27',NULL),(89,'小小科学家绘本-捣乱的静电','保冬妮','9787514834475','6920190926015','中国少年儿童出版社',1,'0.00','刚进屋的小文的头发都炸起来了，刚一摸门把手，就听见噼啪一声，原来，这是“捣乱鬼”静电在作怪呢。怎么样能让静电听话呢？看爸爸的好主意吧……《捣乱的静电/小小科学家绘本》以绘本的形式为孩子们讲解身边的科学，给读图阶段的孩子带来很多新鲜有趣的发现。',NULL,NULL,88,'book_img/uusHNXIxJ2ckrWlRDCsqQQUe5ZPm4tJP5SYsxAoe.jpeg',0,'2019-12-04 14:42:24',NULL),(90,'屁屁晴天','[日]粟田伸子、[日]多田治良','9787511028495','6920190926016','海豚出版社',2,'0.00','《屁屁晴天》是一本充满奇思妙想的“屁股绘本”。在十年一遇的屁屁晴天里，主人公小健带着妈妈做的屁股面包，拿着伞，和小狗桃子出门去河边玩，他们一路看到了各种各样的屁股，也终于明白了为什么妈妈让他带上伞。这本可爱的绘本不仅幽默奇妙，想象力无以复加，还能让孩子们认识和观察动物。',NULL,NULL,89,'book_img/fEs6bjygCmkz6btr4bppp9KuZX2eR6nq9nTOzGVe.jpeg',0,'2019-12-04 14:43:21',NULL),(91,'屁股原来是这样的！','[日]酒卷惠','9787511028495','6920190926017','海豚出版社',2,'0.00','《屁股原来是这样的！》回答了小读者关于屁股的许多疑问，在故事里，小佑*次跟爸爸来到了澡堂，*次看到这么多屁股，“屁股为什么都分成两半儿呢？”“屁股就是用来拉粑粑和放臭屁的吧？”“小宝宝的屁股为什么会是青色的？”**小佑有好多好多关于屁股的问题。他幸运地得到了屁股万事通的解答，屁股万事通还教他练屁股体操呢！',NULL,NULL,90,'book_img/Tpsj6t7fl4s2ErxnxmNzS354waycIpXF2lRUYzhY.jpeg',0,'2019-12-04 14:44:18',NULL),(92,'小老鼠和小飞龙的城市奇遇','[意]马克·福尔洛蒂','9787558166617','6920190926018','吉林出版集团股份有限公司',2,'0.00','《小老鼠和小飞龙的城市奇遇》讲述的是小老鼠和小飞龙这一对拍档之间发生的故事。在齐心协力夺得山谷杯飞行大奖之后，它们受邀参加“80天飞行环游世界”这一盛大赛事。两人从山谷出发来到城市注册报名参加比赛。首次来到城市，它们觉得到处都新鲜，到处都好玩，它们看电影，品尝美食，欣赏美丽的城市风光，甚至还抓住了偷了飞鹤冰激凌的小偷，度过了一个非常难忘的夜晚！',NULL,NULL,91,'book_img/BsisFT9vBVGeEveKcsNn943yRboUzNn0FvpkSDCg.jpeg',0,'2019-12-04 14:45:33',NULL),(93,'儿童交友与逆商培养绘本-我们吵架了','[西]阿道夫·塞拉、[西]埃斯泰·加西亚','9787558158568','6920190926019','吉林出版集团译文',2,'0.00','好朋友之间也会发生矛盾。菲利波压坏了莱奥的帽子，莱奥生气了，两个好朋友不欢而散。他们朝两个不同的方向走去，遇到了不同的人和事儿，但他们却彼此惦念，他们会重归于好吗？作者通过菲利波和莱奥的故事，告诉小朋友怎样建立和维护友谊，用幽默轻松的语言展现了儿童时代友谊的美好。菲利波是一只小狐狸，莱奥是一只小刺猬，他们是一对很好的朋友。',NULL,NULL,92,'book_img/o8eb2UXqEvPBHL7OOmRykKpGJTIx2qdMocMZj8Qu.jpeg',0,'2019-12-04 14:46:36',NULL),(94,'儿童交友与逆商培养绘本-糟糕的野餐','[西]阿道夫·塞拉、[西]埃斯泰·加西亚','9787558158544','6920190926020','吉林出版集团译文',2,'0.00','好朋友会在一起度过很多时光。一大早，莱奥就带着篮子来到菲利波家敲门，说今天的好天气正适合野餐，可是菲利波说自己只想安安静静地过，莱奥说那就一起去安安静静地野餐吧。在莱奥的劝说下，他们出门了。他们会遇到谁，又会发生什么样的故事呢？作者通过菲利波和莱奥的故事，告诉小朋友怎样建立和维护友谊，用幽默轻松的语言展现了儿童时代友谊的美好。菲利波是一只小狐狸，莱奥是一只小刺猬，他们是一对很好的朋友。',NULL,NULL,93,'book_img/8D7EAkXmWEXjj6qO5VMPysHhd3GVg1L8jsJjASbd.jpeg',0,'2019-12-04 14:47:55',NULL),(95,'巨人森林','秦岩','9787545548129','6920190926051','天地出版社',2,'0.00','传说中有一个巨人森林，他又高又大，大山是他的身躯，树枝是他的头发，花草是他的外衣。但是因为他的冷漠与骄傲，森林里的人和动物都搬了家，巨人越来越孤独......到了春天，因为猎人随手扔掉的一根烟蒂，引发了森林大火，巨人看着被烧光的森林哭泣，没想到竟意外带给了小草和大树新的生机。从此以后，巨人森林爱上了为他人付出，森林里渐渐有了变化...... ',NULL,NULL,94,'book_img/CdwSXKX7RthsmgzhfZBz5LrbLVUBT2HgtpAHzjiz.jpeg',0,'2019-12-04 14:49:04',NULL),(96,'加油！小老虎汤姆','[英]加布里埃尔·奥伯罗佐','9787304087982','6920190926052','中央广播电视大学出版社',2,'0.00','小老虎汤姆跟着妈妈到野外学抓鱼、爬树、偷袭时，妈妈反复强调要注意些什么。可是，汤姆偏偏在学抓鱼时玩水，在学爬树时低头往下看，在学偷袭时去扑蝴蝶。结果，不小心误入森林深处的小汤姆迷了路，怎么也找不到妈妈了……',NULL,NULL,95,'book_img/x4Iv9JDOH1jyKyzO1bdO2Ef3JHfM7LNGcBxV2njE.jpeg',0,'2019-12-04 14:50:02',NULL),(97,'弄丢了壳的小乌龟','[澳]托马斯·拉德克利夫','9787304088927','6920190926053','中央广播电视大学出版社',2,'0.00','一只名叫赫克托的小乌龟找回自己丢失的壳的故事！海边完美的一天结束后，小乌龟赫克托正要回家，却发现自己的壳找不到了，这可千万不能让爸爸妈妈知道。于是，他踏上了寻找之路：问游客、问救生员、去失物招领处，又尝试了改造沙滩桶、折叠报纸等造壳方法，可是都没成功。就在他准备放弃的时候……',NULL,NULL,96,'book_img/EVhbZuW19eja0kFm3ZJxCZCAI0EQq2MzI9MHHutC.jpeg',0,'2019-12-04 14:51:03',NULL),(98,'一本乱七八糟的书','[英]莫迪·鲍威尔·塔克','9787304087999','6920190926054','中央广播电视大学出版社',2,'0.00','一只爱整洁的狗和一只不爱收拾的猫之间发生的好笑故事。小猫正如许多孩子一样，觉得收拾屋子十分没趣，于是它想出各种精灵古怪的主意来敷衍。终于在小狗三番五次的劝说下，大家好不容易协力收拾干净了这堆乱七八糟的东西，可是接下来又会发生怎样的好笑故事呢？',NULL,NULL,97,'book_img/ZtIvFrtbOUTO5JyApo4H6TYaePzgjtFzEHSSC38x.jpeg',0,'2019-12-04 14:51:58',NULL),(99,'长大了真好','[美]南希·塔富里','9787569915860','6920190926055','北京时代华文书局',2,'0.00','凯迪克大奖作者南希·塔富里温馨动人的经典绘本；大幅的水彩、彩铅插图搭配寥寥数字，生动地展示了成长的快乐、纯真的童年，懵懵懂懂，应该让每个孩子都珍惜及铭记；本书细腻地刻画孩子的每个成长瞬间，很容易引起我们共鸣 一本值得收藏，感人至深的经典绘本。',NULL,NULL,98,'book_img/jrZ3jk8yROussLIdkz8a25LpgkCNoaMQCE4CVHlU.jpeg',0,'2019-12-04 14:52:46',NULL),(100,'咦！原来我们周围全是怪物','[法]瓦朗坦·马泰','9787551135955','6920190926056','花山文艺出版社',2,'0.00','幼儿园的小朋友们参与了本书的创作，在他们眼里：高大结实的楼房居然和我们人类一样，长了眼睛、嘴巴和胳膊！冷冰冰的公交站台竟然会偷听别人讲话……连平日里大家不愿意靠近的垃圾筒都在惬意地打着牌……这到底是个怎样的世界呢？',NULL,NULL,99,'book_img/tiixkEBPd5tGKKmutq9anqVukV6pHIGAoIfn6qfY.jpeg',0,'2019-12-04 14:53:43',NULL),(101,'金斧头','杨永青','9787530762479','6920190926057','新蕾出版社',1,'0.00','《金斧头》 这是一个同样为大家所熟知的民间故事：砍柴男孩陈平在河边丢了斧头，河神为他捞起金银斧头，陈平不为所动，坚持只要自己破斧头，随后他发现，手里的铁斧头越来越好用，打柴越来越顺手；而财主却贪无止境，金银斧头都想要，*终得意忘形，跌入深谷。这个古老的故事，一直在向我们传递*传统的价值观：诚实、自然、知足的内心弥足珍贵。',NULL,NULL,100,'book_img/kzMFJZQnZoJ1apbrDgJfhjDKSgvkrzOK29hsj1ks.jpeg',0,'2019-12-04 14:54:39',NULL),(102,'这不是一本图画书','[意]塞尔乔欧·卢兹耶','9787537690348','6920190926058','河北少年儿童出版社',2,'0.00','来自意大利的绘本，古灵精怪的图画，天马行空、极富创意的故事，让孩子张开自由畅想的翅膀！这是一个洋溢着无限阅读乐趣的甜蜜故事，其间每一幅画、每一行字，都流露出无比温暖的、无处不在的阅读感悟。这本图画书能够说出很多正处于亲子共读过渡到自主阅读阶段的孩子的心声，也有助于家长了解孩子的这种微妙的心态，从而帮助孩子正视看起来好像“很枯燥”的文字书。',NULL,NULL,101,'book_img/9HChvSMA6uO6Ek02RMy2heayrppJBm6f10GguTKe.jpeg',0,'2019-12-04 14:55:28',NULL),(103,'了解自己，学会保护自己','谢茹','9787547730904','6920190926059','同心出版社',1,'0.00','让宝宝了解自己身体的秘密，学会保护自己，从这本儿童性教育绘本开始。一个宝宝是怎样来到这个世界的呢？人们总说十月怀胎，在这十个月左右的时间里，都发生了什么？当妈妈千辛万苦生出一个小宝宝之后，产房里的护士阿姨会说这个小家伙儿是个男孩还是女孩儿。那么男孩儿和女孩儿的身体有哪些不同？哪些身体部位是必须保护好的，该怎样保护自己？这些都能在《儿童性教育绘本——了解自己，学会保护自己》中找到答案！',NULL,NULL,102,'book_img/2Ale1K1SSOD77f8je1Ujti5VFTIVoinqpCGibwCQ.jpeg',0,'2019-12-04 14:56:34',NULL),(104,'博物馆里走丢了','[法]洛尔·蒙路布','9787511035639','6920190926060','海豚出版社',2,'0.00','贾斯丁和好朋友诺艾米在老师的带领下去参观博物馆。老师说在参观的过程中，要牵好同学手，跟着队伍走。两个孩子按照老师的要求一直没有松开手，结果他们一起走丢了，*后在博物馆保安的帮助下，他们终于找到了大部队。 通过阅读这本书，家长和孩子会明白参加集体活动时，应该事先做好哪些预防措施避免走丢以及真的走丢后该怎么办，教会孩子们保护自己。',NULL,NULL,103,'book_img/zunV4WStw8H9T0QSumLZaNLPB3rFg8i3jNGMcL8R.jpeg',0,'2019-12-04 14:57:54',NULL),(105,'山顶镇和山脚镇','[日]内田麟太郎','9787550256583','6920190926061','北京联合出版公司',1,'0.00','《我来当妈妈》是一本非常优美的绘本。兔宝宝咪咪和太郎的母亲们带他们在田野上玩耍，\"当妈妈是什么感觉呢?\"兔宝宝在开满蒲公英的草地上想。\"要叫孩子的名字\"，她用两只小胳膊抱着布偶玩具扮演母亲； \"要牵着孩子的手\"，她和太郎一左一右牵着布偶走路；然后，咪咪想象布偶发烧了，她作为母亲尽心尽力给孩子看病；最后，她得出了这样的答案：\"当妈妈就是，担心他，忍不住想要紧紧地抱着他，忍不住要流泪呢。\"这时候，妈妈们喊他们的名字了。\"哎——\"他们长长地答应了一声，扑进了妈妈的怀抱，妈妈紧紧地抱住了他们！',NULL,NULL,104,'book_img/XD46tI0HlIlX8oKwvOR7eESjoJxGSi3lz7vTyhQ1.jpeg',0,'2019-12-04 14:58:52',NULL),(106,'艾米丽和娜内特-闪亮的舞鞋和野餐派对','[英]索菲·提莉','9787552540536','6920190926062','阳光出版社',2,'0.00','美国亚马逊五星童书。绘本版小闺蜜长成记。两个漂亮的小女孩，她们一起欢笑、一起悲伤、一起出去游玩、一起准备礼物……她们分享着成长中的点点滴滴，这份友情纯洁而珍贵。 画面清新优美。红色、粉色、碎花……绘者为小读者绘制了一个美美哒世界，那里生活着两个可爱的小女孩，她们关心彼此，美丽的友谊之花在这个世界里绽放，每位读者都会被小女孩之间那份纯洁的友谊所打动，并向往那份纯纯的友谊。',NULL,NULL,105,'book_img/PqlimxmZeoAe9iASbKIq3DjB2fgWEXUnhulx3vjc.jpeg',0,'2019-12-04 15:00:21',NULL),(107,'如何成为一头狮子？','[英]艾德·维尔','9787530676301','6920190926063','百花文艺出版社',2,'0.00','故事虽小，主题很大。艾德·维尔的故事都很简短，文字也很少，但内涵丰富，主题深刻。成为一头狮子不仅仅只有一种方法，温柔一点，少一些咆哮，多一些思考，多一点诗歌，会获得更强大的与世界对抗的力量。天马行空的想象力，出人意料的情节设计：一头与众不同的狮子，一头温柔的狮子，喜欢思考、喜欢作诗，他还有一个鸭子朋友。充满想象力的故事，传递给读者们多元的价值观，终于内心，坚持做自己，真诚对待朋友。插画风格具有强烈的个人特色，用色大胆，形象饱满，艾德·维尔不愧为色彩之王，书中大面积橙色和黄色背景，给读者温暖、安心的力量。夸张、饱满的形象，符合孩子的审美情趣。',NULL,NULL,106,'book_img/7xT1SGelFCQwhHo6yuKzQWfYW29QM6OcrUBUJZut.jpeg',0,'2019-12-04 15:01:14',NULL),(108,'坏脾气的青蛙','[英]艾德·维尔','9787530676325','6920190926064','百花文艺出版社',2,'0.00','《坏脾气的青蛙》 脾气暴躁的青蛙，讨厌粉色，喜欢跳跃，也喜欢赢！但是当他没有赢，还遇到了一只粉色兔子时，会发生什么呢？幽默的场景，可爱的绿蛙形象，让我们学会妥协和宽容，感受友谊和说“对不起”的力量。',NULL,NULL,107,'book_img/y8tWvcymJtwUpAj3x7BwXHKRUTHNu1y1bEuXWkwE.jpeg',0,'2019-12-04 15:02:50',NULL),(109,'彩蛋树','[美]凯瑟琳·米尔豪斯','9787550288874','6920190926065','北京联合出版公司',2,'0.00','跨越半世纪的凯迪克金奖经典作品，散发经久不衰的独特魅力；展现美国宾州东部人民的民间艺术和传统习俗，富有历史与人文气息；大胆明亮的色彩、传统民间图案与设计，构成特有的艺术风格；温馨动人的故事，传达爱、耐心与文化传承的深刻启迪；让孩子重新感受远离商业气息的节日之美、人情之美；书后有制作彩蛋树小攻略，让孩子亲自动手，体会不同国家的多彩民俗。',NULL,NULL,108,'book_img/PtzCHACla1FIfgSYzYizFYDT8H7Tzellfc7qi971.jpeg',0,'2019-12-04 15:03:45',NULL),(110,'哈哈，是我呀','[美]埃里克·德拉克曼','9787559310279','6920190926066','黑龙江美术出版社',2,'0.00','关注幼儿亲子沟通艺术。 看派翠西亚示范，亲子沟通的艺术。这是一个慷慨善良的小女孩与家人间的“角色扮演”小趣事，启蒙孩子的创造力和沟通情商。',NULL,NULL,109,'book_img/g5R8ajYprb7PdfbtEoimwRmdlk4bq12G6XhzUX2X.jpeg',0,'2019-12-04 15:05:09',NULL),(111,'神奇的盒子','[西]卡门·吉尔','9787552544725','6920190926067','阳光出版社',2,'0.00','小女孩安德莉从外面带回家一个旧盒子，她的妈妈不知道这个旧盒子有什么用，但是安德莉却就她的这个新发现展开了奇思妙想，在自己的房间进行了一场旅行，很终寻回了妈妈脸上的笑容。这才是童真的体现！ 安德莉揭开盒盖，从里掏出了各种各样的黑圈，每掏出一个小黑圈，就会出现一个不同的角色跟她对话---为牙仙子工作的可爱小老鼠，给外婆送甜甜圈的小红帽，骑着扫帚从窗户里飞进来的女巫，逃避恶龙抓捕的罗莎琳公主，从地毯钻出的穿着有破洞袜子的国王……',NULL,NULL,110,'book_img/x4wEp8s7VMFiLQE1Y1IsVZmAxR7L0KhpFCbN8JGn.jpeg',0,'2019-12-04 15:06:20',NULL),(112,'比一比谁最棒','[美]伊丽丝·帕斯利','9787514373837','6920190926068','现代出版社',2,'0.00','《比一比谁最棒》，《纽约时报》畅销书作者、绘者伊丽丝·帕斯利新作；2018年6月亚马逊畅销图书：关于比较和竞争的话题，通过妙趣横生的故事，给孩子正确认识自我的引导和启示，同样适合家长来思考，应该给孩子什么样的比较才有益于孩子的成长；动物形象的主人公生动有趣，个性鲜明，思考处事童趣盎然，带给小读者亲切感；画面明亮，充满表现力的笔触让表情动作戏剧化，配合意料之外的故事发展，非常适合亲子阅读。',NULL,NULL,111,'book_img/jTvxs2dNjsyUTtNCiOHVUDNshtdOYq6ZImyQ0Vou.gif',0,'2019-12-04 15:08:03',NULL),(113,'谁要乌龟当宠物！','[美]戴夫·吉恩','9787514373820','6920190926069','现代出版社',2,'0.00','《谁要乌龟当宠物！》：教孩子学会接纳、珍惜拥有。小女孩找到了一个积极的方式来消解失望的情绪，对这个年龄段的孩子有借鉴意义。孩子喜欢的宠物主题。意料之外的友谊，有趣、感人，结局圆满。纽伯瑞金奖作品的插图作者绘图。运用彩铅、水彩，柔和细致，小乌龟的表情动作传神，连小女孩的辫子都充满了情绪。活泼可爱、个性鲜明的小女孩跃然纸上。趣性与知识性相结合。对比了乌龟和小狗的习性，有趣又有知识性。亲子互动甜蜜时光。',NULL,NULL,112,'book_img/8xSEkQDw5lDlPF0T3Loc4A3HjJxNbG7Se1SrO94m.jpeg',0,'2019-12-04 15:09:41',NULL),(114,'小猪比格系列-快乐的一天','[荷]彼特·布劳尔斯','9787537680271','6920190926070','河北少年儿童出版社',2,'0.00','小猪们出生以来的第一次泥浆浴！可是，小猪比格觉得泥浆太脏了。所以，当其他小猪都在泥塘里玩闹时，比格跑走了。它不想做小猪了，想做奶牛、骏马、绵羊、山羊，或是小鸡。最后，它才发现做只小猪才最快乐！可爱的小猪形象，滑稽幽默的故事情节，让儿童看后发现自身的优点。',NULL,NULL,113,'book_img/XEt4qixkRGamtyJ5MDLMo4O8K28dlVaAzDkpaaIc.jpeg',0,'2019-12-04 15:10:48',NULL),(115,'麦基博士和时光机','[英]克里斯·卡普斯蒂克','9787518042135','6920190926071','中国纺织出版社',2,'0.00','在《麦基博士和时光机》小麦基博士家的时光机出了故障，把他带到了恐龙时代，他和霸王龙一起经历了哪些危险，他的父母又是怎样找到他的呢？本书系英国绘本大师故事系列，绘图美轮美奂，故事充满创意，又具有一定的教育意义。这本书告诉小朋友，要勇敢、要乐观，好运一定会降临在勇敢和乐观的人身上的。',NULL,NULL,114,'book_img/1aLqQO94RJ2iC7AMxAGmDcKATHMy6QNY4SeKStUQ.jpeg',0,'2019-12-04 15:14:00',NULL),(116,'动物绝对不能穿鞋子','谢茹','9787510162152','6920190926072','中国人口出版社',2,'0.00','动物如果也像人类一样穿上鞋子，比如千足虫、骆驼、啄木鸟……想象一下它们穿上鞋子后，会发生什么有趣、滑稽的事吧！ 充满想象的故事加上生动明快的手绘插画，巧妙融汇各种动物的脚部特征，给小读者们带来视觉上的冲击和心灵上的触动，让孩子们思考、发现、领悟……',NULL,NULL,115,'book_img/CCbw6Ojg7M633gU68qoRRP2w2jy2C3cbTTvMJJ2A.jpeg',0,'2019-12-04 15:14:49',NULL),(117,'熊占了我的椅子','[英]罗斯·柯林斯','9787537682800','6920190926073','河北少年儿童出版社',2,'0.00','可怜的老鼠啊！一只大熊坐在了它最喜欢的椅子上，椅子上再也没有办法坐其他人了。老鼠想尽了各种各样的办法，都没有让大熊离开他的椅子。最后，老鼠只好无奈地放弃了。老鼠刚一走，大熊也起身回家了。可到了大熊的家里，又会发生什么有意思的事情呢？想象一下, 一只老鼠和一只大熊分享一把椅子……',NULL,NULL,116,'book_img/qGjPO5zj2Nfa2hGro3PJp4NCckKmJTc44HJIPKqM.gif',0,'2019-12-04 15:15:50',NULL),(118,'怎样做一条好龙？','[法]维罗妮卡·柯西','9787559517951','6920190926074','河北少年儿童出版社',2,'0.00','身披鳞片，爱飞行爱喷火，它就是小龙嘟嘟火。为了成长为一条优秀的龙，小龙在日常生活中严格要求自己，爱锻炼，勤洗澡，勤刷牙，通过培养一些好的生活习惯不断提高自己，注重交友礼节，过马路要注意安全。别看这么懂事的小龙，它还是个爱学习的好孩子呢！一个乖乖的邻家小龙的形象跃然纸上，孩子们要多多学习小龙的优点呀！',NULL,NULL,117,'book_img/EqRKSTxsSmv1avxhgMwzIiS7zkAZVz77RWru60DK.jpeg',0,'2019-12-04 15:16:41',NULL),(119,'小仓鼠去哪了','黄小衡','9787549354610','6920190926075','江西高校出版社',1,'0.00','每个孩子在3岁左右，会对出生充满了强烈的好奇，不厌其烦地追问妈妈：宝宝是从哪儿生出来的？小猫小狗小兔子是从怎样生出来的？ 每个孩子在4-5岁左右，借由家中亲人离世或者心爱的小宠物死亡，大多会真切体会到与生命离别的难受和恐惧 ，家长往往因为不知如何应对，往往敷衍了事或者干脆回避，反而给孩子留下心理阴影和禁区。家长的逃避，也会加重孩子对哀伤的压抑和回避，不利于将来的情绪释放。 这本生命教育绘本，通过走出对死亡的哀伤情绪的故事，用幼童能理解的画面和文字语言，帮助他们理解生命的主题，也给家长提供指导。这套书尤其适合亲子共读，在绘本的启发下，引导幼儿形成对生命正确的理解，尝试用更积极的解读，面对这个一生中重要的课题。绘本本身具有疗愈作用，有助于帮助孩子释放哀伤，消除心理阴影。',NULL,NULL,118,'book_img/pkboLegpiknCZ9NmJWZANCUH1brna3BUICJqnnOp.jpeg',0,'2019-12-04 15:17:34',NULL),(120,'谁偷走了颜色','[英]加布里埃尔·奥伯罗佐','9787537683036','6920190926076','河北少年儿童出版社',2,'0.00','这是一本故事和插画都非常令人震撼的优秀图画书，没有生气的纯灰画面与热情奔放的彩绘图形成了鲜明的对比，这种强烈的视觉效果带来了直抵内心的艺术冲击力。 除了爱与分享，本书更促使我们从哲学的高度思考自身。外星人的生命中虽然只有那么一点点色彩，但他们却如此幸福开心，我们又有什么理由不去珍惜眼前这个五彩缤纷的世界、不去感恩这个多姿多彩的人生呢？',NULL,NULL,119,'book_img/FkVX6dXoY83vcavNruaC7xSJPV0jxFs2dSAwecA3.jpeg',0,'2019-12-04 15:18:27',NULL),(121,'世界上最勇敢的老鼠','[美]伊芙·泰特斯','9787530676219','6920190926077','百花文艺出版社',1,'0.00','适读人群 ：3-6岁。阿纳托尔是杜瓦尔奶酪工厂负责品尝奶酪的副总裁。没人知道他不是人，而是一只老鼠，就连厂长先生都不知道。一天晚上，工厂来了一只猫，正在工作的阿纳托尔和朋友落荒而逃。阿纳托尔必须保住他的工作和生命……获得1958年凯迪克银奖、美国图书馆协会推荐童书、美国小学生百本必读作品之一；畅销长销欧洲60多年的经典巨作，出版人周刊、纽约时报等知名媒体强烈推荐。',NULL,NULL,120,'book_img/qGV3wiDgK0EF6cllK2tc0ukS1w212bFvTigCFPTY.jpeg',0,'2019-12-04 15:19:23',NULL),(122,'世界上最聪明的老鼠','[美]伊芙·泰特斯','9787530676370','6920190926078','百花文艺出版社',1,'0.00','适读人群 ：3-6岁。老鼠阿纳托尔为了养家糊口，每晚偷偷溜进人类的住处寻找残羹冷炙。可有一天，他听到人类非常讨厌老鼠，沮丧极了。他想改变这样的生活，给人类一些回报。但是，这可能吗？获得1958年凯迪克银奖、美国图书馆协会推荐童书、美国小学生百本必读作品之一；畅销长销欧洲60多年的经典巨作，出版人周刊、纽约时报等知名媒体强烈推荐。',NULL,NULL,121,'book_img/BIHdCHjsMQLWeRaqo09TYAXpCPSBh9WM6lLqAdFj.jpeg',0,'2019-12-04 15:20:11',NULL),(123,'吃梦先生-恐惧梦','[日]松泽有纱','6920190926079','6920190926079','北京联合出版公司',1,'0.00','松泽有纱，日本小有名气的绘本作家，自幼喜欢画画，虽然一直做着牙医的工作，但很会观察生活，从牙医工作中，搜集小素材，写出别致有韵味的小故事。她目前一边做牙医，一边创作绘本。故事里的貘先生融合了神话中的貘和现实中的貘，把现实与想象的衔接做得了无痕迹；而章鱼医生，就是以她工作的牙科医院的牙医为原型的。獏先生专门吃各种困扰人的梦，他又一个吃梦报警器，会通知谁在做噩梦。兔子很不喜欢吃西兰花，可在梦里却被一群西兰花围住了；鳄鱼的梦是一个可怕的牙医正看他的满口蛀牙呢！獏先生一个个都将他们吃掉了，兔子喜欢上了西兰花，鳄鱼也愿意看牙医了。',NULL,NULL,122,'book_img/ZLXdmErIWKVMsztxXrALvBfkNIxSDFVNwdnWx821.jpeg',0,'2019-12-04 15:20:55',NULL),(124,'吃梦先生-生气梦','[日]松泽有纱','9787550256514','6920190926080','北京联合出版公司',1,'98.12','松泽有纱，日本小有名气的绘本作家，自幼喜欢画画，虽然一直做着牙医的工作，但很会观察生活，从牙医工作中，搜集小素材，写出别致有韵味的小故事。她目前一边做牙医，一边创作绘本。故事里的貘先生融合了神话中的貘和现实中的貘，把现实与想象的衔接做得了无痕迹；而章鱼医生，就是以她工作的牙科医院的牙医为原型的。獏先生专门吃各种困扰人的梦，他又一个吃梦报警器，会通知谁在做噩梦。小猪呼呼为什么生气啊？原来妈妈光顾着照顾表弟了。獏先生拿出饼干和八音盒逗小猪开心，小猪生的气变成了烟，獏先生打开屋门……第二天早上，呼呼再也不会气呼呼了。',NULL,'软装',123,'book_img/mO8wQXFLEWdALpsicU9SoFG1ymUdwjNhZp3lHiQj.jpeg',0,'2019-12-04 15:21:39','2020-04-13 10:44:12');

/*Table structure for table `p_borrows` */

DROP TABLE IF EXISTS `p_borrows`;

CREATE TABLE `p_borrows` (
  `id` int(11) NOT NULL AUTO_INCREMENT,
  `book_id` int(11) NOT NULL COMMENT '书籍id',
  `book_sn` varchar(100) NOT NULL COMMENT '序列号',
  `ISBN` varchar(100) NOT NULL COMMENT 'ISBN',
  `user_id` int(11) NOT NULL COMMENT '借阅人id',
  `kid_id` int(11) DEFAULT NULL COMMENT '小孩id',
  `store_id` int(11) DEFAULT '1' COMMENT '店铺id',
  `borrow_ts` datetime DEFAULT NULL COMMENT '借阅时间',
  `back_ts` datetime DEFAULT NULL COMMENT '还书时间',
  `status` tinyint(4) DEFAULT NULL COMMENT '状态,0:未还,1已还',
  `admin_id` int(11) DEFAULT NULL COMMENT '操作人id',
  `created_at` timestamp NULL DEFAULT NULL COMMENT '添加时间',
  `updated_at` timestamp NULL DEFAULT CURRENT_TIMESTAMP COMMENT '修改时间',
  PRIMARY KEY (`id`)
) ENGINE=InnoDB DEFAULT CHARSET=utf8;

/*Data for the table `p_borrows` */

/*Table structure for table `p_costs` */

DROP TABLE IF EXISTS `p_costs`;

CREATE TABLE `p_costs` (
  `id` int(11) NOT NULL AUTO_INCREMENT,
  `user_id` int(11) NOT NULL COMMENT '用户id',
  `last_balance` decimal(8,2) DEFAULT NULL COMMENT '变化前的余额',
  `amount` decimal(8,2) DEFAULT NULL COMMENT '消费的金额',
  `admin_id` int(11) DEFAULT NULL COMMENT '操作人id',
  `cost_ts` timestamp NULL DEFAULT NULL COMMENT '消费时间',
  `store_id` int(11) DEFAULT NULL COMMENT '店铺id',
  `created_at` timestamp NULL DEFAULT NULL COMMENT '添加时间',
  `updated_at` timestamp NULL DEFAULT NULL COMMENT '修改时间',
  PRIMARY KEY (`id`)
) ENGINE=InnoDB DEFAULT CHARSET=utf8;

/*Data for the table `p_costs` */

/*Table structure for table `p_deliverys` */

DROP TABLE IF EXISTS `p_deliverys`;

CREATE TABLE `p_deliverys` (
  `id` int(11) unsigned NOT NULL AUTO_INCREMENT,
  `type` smallint(4) DEFAULT NULL COMMENT '类型',
  `borrow_id` int(11) NOT NULL COMMENT '借阅id',
  `express_sn` varchar(200) COLLATE utf8_unicode_ci DEFAULT NULL COMMENT '快递单号',
  `status` tinyint(4) NOT NULL DEFAULT '0' COMMENT '状态',
  `courier` varchar(20) COLLATE utf8_unicode_ci DEFAULT NULL COMMENT '快递员',
  `phone` varchar(20) COLLATE utf8_unicode_ci DEFAULT NULL COMMENT '联系电话',
  `mark` varchar(255) COLLATE utf8_unicode_ci DEFAULT NULL COMMENT '备注',
  `created_at` timestamp NULL DEFAULT NULL,
  `updated_at` timestamp NULL DEFAULT CURRENT_TIMESTAMP,
  PRIMARY KEY (`id`)
) ENGINE=InnoDB DEFAULT CHARSET=utf8 COLLATE=utf8_unicode_ci;

/*Data for the table `p_deliverys` */

/*Table structure for table `p_grades` */

DROP TABLE IF EXISTS `p_grades`;

CREATE TABLE `p_grades` (
  `id` int(10) unsigned NOT NULL AUTO_INCREMENT,
  `school_id` int(10) NOT NULL COMMENT '园所id',
  `name` varchar(50) COLLATE utf8_unicode_ci NOT NULL COMMENT '班级名称',
  `leader` varchar(20) COLLATE utf8_unicode_ci DEFAULT NULL COMMENT '联系人',
  `tel` varchar(20) COLLATE utf8_unicode_ci DEFAULT NULL COMMENT '电话',
  `created_at` timestamp NULL DEFAULT NULL,
  `updated_at` timestamp NULL DEFAULT NULL,
  PRIMARY KEY (`id`)
) ENGINE=InnoDB AUTO_INCREMENT=8 DEFAULT CHARSET=utf8 COLLATE=utf8_unicode_ci;

/*Data for the table `p_grades` */

insert  into `p_grades`(`id`,`school_id`,`name`,`leader`,`tel`,`created_at`,`updated_at`) values (1,1,'小班','张老师','13571885102','2019-07-31 01:31:32','2019-07-31 01:31:32'),(2,1,'中班','李老师','13671885101','2019-07-31 01:33:38','2019-07-31 01:33:38'),(3,1,'大班','刘老师','13871885101','2019-07-31 01:34:00','2019-07-31 01:34:00'),(4,2,'大班','王老师1','13571885102','2019-09-22 20:15:44','2019-10-07 15:22:00'),(6,2,'小班','张校长','027-51800000','2019-10-02 18:00:46','2019-10-02 18:00:46'),(7,1,'早教班','张校长','027-51800000','2019-10-07 15:03:12','2019-10-07 15:03:12');

/*Table structure for table `p_kids` */

DROP TABLE IF EXISTS `p_kids`;

CREATE TABLE `p_kids` (
  `id` int(10) unsigned NOT NULL AUTO_INCREMENT COMMENT '主ID',
  `p_id` int(10) unsigned NOT NULL COMMENT '家长ID',
  `name` varchar(30) DEFAULT NULL COMMENT '姓名',
  `sex` int(10) unsigned DEFAULT NULL COMMENT '性别',
  `DOB` date DEFAULT NULL COMMENT '生日',
  `school_id` int(10) DEFAULT NULL COMMENT '园所ID',
  `grade_id` int(10) DEFAULT NULL COMMENT '班级ID',
  `created_at` timestamp NULL DEFAULT NULL COMMENT '建立时间',
  `updated_at` timestamp NULL DEFAULT NULL ON UPDATE CURRENT_TIMESTAMP COMMENT '更新时间',
  PRIMARY KEY (`id`)
) ENGINE=InnoDB AUTO_INCREMENT=9 DEFAULT CHARSET=utf8;

/*Data for the table `p_kids` */

insert  into `p_kids`(`id`,`p_id`,`name`,`sex`,`DOB`,`school_id`,`grade_id`,`created_at`,`updated_at`) values (2,1,'大波',NULL,NULL,1,1,'2019-11-01 21:14:57','2020-01-06 22:38:32'),(3,4,'小满儿',NULL,NULL,2,6,'2019-11-01 21:55:19','2019-11-01 21:56:47'),(5,5,'123',NULL,NULL,1,1,'2019-11-05 20:28:55','2019-11-05 20:29:41'),(6,8,'小可乐',NULL,NULL,1,1,'2019-11-05 20:33:44',NULL),(8,2,'小小',NULL,NULL,1,1,'2020-01-04 13:17:17','2020-01-05 12:12:49');

/*Table structure for table `p_messages` */

DROP TABLE IF EXISTS `p_messages`;

CREATE TABLE `p_messages` (
  `id` int(11) NOT NULL AUTO_INCREMENT,
  `user_id` int(11) NOT NULL COMMENT '用户id',
  `user_name` varchar(40) COLLATE utf8_unicode_ci DEFAULT NULL COMMENT '用户姓名',
  `openid` varchar(32) COLLATE utf8_unicode_ci DEFAULT NULL COMMENT '微信id',
  `wx_name` varchar(40) COLLATE utf8_unicode_ci DEFAULT NULL COMMENT '微信昵称',
  `phone` varchar(20) COLLATE utf8_unicode_ci DEFAULT NULL COMMENT '手机号',
  `title` varchar(20) COLLATE utf8_unicode_ci NOT NULL COMMENT '标题',
  `content` varchar(100) COLLATE utf8_unicode_ci NOT NULL COMMENT '内容',
  `apply_id` int(11) DEFAULT NULL COMMENT '申请的id',
  `option_category` tinytext COLLATE utf8_unicode_ci NOT NULL COMMENT '操作分类',
  `option_type` tinyint(4) DEFAULT NULL COMMENT '操作类型: 0:系统，1:人工',
  `send_type` tinyint(4) NOT NULL COMMENT '1短信,2:微信',
  `created_at` timestamp NOT NULL DEFAULT CURRENT_TIMESTAMP ON UPDATE CURRENT_TIMESTAMP,
  PRIMARY KEY (`id`)
) ENGINE=InnoDB DEFAULT CHARSET=utf8 COLLATE=utf8_unicode_ci;

/*Data for the table `p_messages` */

/*Table structure for table `p_migrations` */

DROP TABLE IF EXISTS `p_migrations`;

CREATE TABLE `p_migrations` (
  `id` int(10) unsigned NOT NULL AUTO_INCREMENT,
  `migration` varchar(255) COLLATE utf8_unicode_ci NOT NULL,
  `batch` int(11) NOT NULL,
  PRIMARY KEY (`id`)
) ENGINE=MyISAM AUTO_INCREMENT=10 DEFAULT CHARSET=utf8 COLLATE=utf8_unicode_ci;

/*Data for the table `p_migrations` */

insert  into `p_migrations`(`id`,`migration`,`batch`) values (1,'2014_10_12_000000_create_users_table',1),(2,'2015_04_20_151900_create_uploads_table_zgldh',1),(3,'2018_01_05_050759_create_admins_table',1),(4,'2018_01_05_073111_create_stores_table',2),(5,'2018_01_15_150734_create_orders_table',1),(7,'2018_02_11_152129_create_work_logs_table',3),(8,'2018_02_12_195009_create_vip_card_logs_table',3),(9,'2019_08_03_162558_create_permission_tables',3);

/*Table structure for table `p_orders` */

DROP TABLE IF EXISTS `p_orders`;

CREATE TABLE `p_orders` (
  `id` int(10) unsigned NOT NULL AUTO_INCREMENT,
  `order_no` varchar(20) COLLATE utf8_unicode_ci NOT NULL COMMENT '订单号',
  `queue_no` varchar(10) COLLATE utf8_unicode_ci NOT NULL COMMENT '排队号',
  `customer_id` int(11) NOT NULL,
  `barber_id` int(11) DEFAULT NULL,
  `store_id` int(11) NOT NULL,
  `pay_type` varchar(255) COLLATE utf8_unicode_ci NOT NULL,
  `pay_fee` decimal(8,2) DEFAULT NULL,
  `img_url` varchar(500) COLLATE utf8_unicode_ci DEFAULT NULL,
  `finished_at` timestamp NULL DEFAULT NULL,
  `pay_at` timestamp NULL DEFAULT NULL,
  `status` tinyint(4) NOT NULL COMMENT '状态，-1未支付，1待服务，2待评价，3已完成',
  `created_at` timestamp NULL DEFAULT NULL,
  `updated_at` timestamp NULL DEFAULT NULL,
  PRIMARY KEY (`id`),
  UNIQUE KEY `orders_order_no_unique` (`order_no`) USING BTREE,
  KEY `orders_customer_id_index` (`customer_id`) USING BTREE,
  KEY `orders_barber_id_index` (`barber_id`) USING BTREE,
  KEY `orders_store_id_index` (`store_id`) USING BTREE,
  KEY `orders_status_index` (`status`) USING BTREE,
  KEY `orders_pay_type_index` (`pay_type`) USING BTREE
) ENGINE=InnoDB DEFAULT CHARSET=utf8 COLLATE=utf8_unicode_ci;

/*Data for the table `p_orders` */

/*Table structure for table `p_recharges` */

DROP TABLE IF EXISTS `p_recharges`;

CREATE TABLE `p_recharges` (
  `id` int(11) NOT NULL AUTO_INCREMENT,
  `user_id` int(11) DEFAULT NULL COMMENT '用户id',
  `last_balance` decimal(8,2) DEFAULT NULL COMMENT '变化前的余额',
  `amount` decimal(8,2) DEFAULT NULL COMMENT '充值的金额',
  `admin_id` int(11) DEFAULT NULL COMMENT '操作人id',
  `store_id` int(11) DEFAULT NULL COMMENT '店铺id',
  `recharge_ts` timestamp NULL DEFAULT NULL COMMENT '充值时间',
  `created_at` timestamp NULL DEFAULT NULL COMMENT '添加时间',
  `updated_at` timestamp NULL DEFAULT NULL COMMENT '修改时间',
  PRIMARY KEY (`id`)
) ENGINE=InnoDB AUTO_INCREMENT=2 DEFAULT CHARSET=utf8;

/*Data for the table `p_recharges` */

insert  into `p_recharges`(`id`,`user_id`,`last_balance`,`amount`,`admin_id`,`store_id`,`recharge_ts`,`created_at`,`updated_at`) values (1,1,'0.00','1000.00',1,NULL,'2019-08-18 17:41:15','2019-08-18 17:41:15','2019-08-18 17:41:15');

/*Table structure for table `p_schools` */

DROP TABLE IF EXISTS `p_schools`;

CREATE TABLE `p_schools` (
  `id` int(10) unsigned NOT NULL AUTO_INCREMENT,
  `name` varchar(50) COLLATE utf8_unicode_ci NOT NULL,
  `address` varchar(100) COLLATE utf8_unicode_ci NOT NULL,
  `leader` varchar(20) COLLATE utf8_unicode_ci DEFAULT NULL COMMENT '联系人',
  `tel` varchar(20) COLLATE utf8_unicode_ci DEFAULT NULL COMMENT '电话',
  `status` tinyint(4) NOT NULL COMMENT '状态，0禁用，1正常',
  `created_at` timestamp NULL DEFAULT NULL,
  `updated_at` timestamp NULL DEFAULT NULL,
  PRIMARY KEY (`id`),
  KEY `stores_status_index` (`status`) USING BTREE
) ENGINE=InnoDB AUTO_INCREMENT=3 DEFAULT CHARSET=utf8 COLLATE=utf8_unicode_ci;

/*Data for the table `p_schools` */

insert  into `p_schools`(`id`,`name`,`address`,`leader`,`tel`,`status`,`created_at`,`updated_at`) values (1,'红领巾幼儿园','武汉市水果湖','张校长','027-51800000',1,'2019-07-31 00:11:36','2019-10-06 14:16:52'),(2,'红黄蓝','武汉市洪山','李老师','027-51800000',1,'2019-09-22 20:14:48','2019-09-22 20:14:48');

/*Table structure for table `p_services` */

DROP TABLE IF EXISTS `p_services`;

CREATE TABLE `p_services` (
  `id` int(10) unsigned NOT NULL AUTO_INCREMENT,
  `store_id` int(11) NOT NULL COMMENT '名称',
  `name` varchar(60) COLLATE utf8_unicode_ci NOT NULL COMMENT '名称',
  `remark` varchar(100) COLLATE utf8_unicode_ci DEFAULT NULL COMMENT '简介',
  `price` decimal(8,2) NOT NULL COMMENT '价格',
  `upload_id` int(11) NOT NULL COMMENT '图片id',
  `upload_url` varchar(100) COLLATE utf8_unicode_ci NOT NULL COMMENT '图片地址',
  `status` tinyint(4) NOT NULL COMMENT '状态，0禁用，1正常',
  `created_at` timestamp NULL DEFAULT NULL,
  `updated_at` timestamp NULL DEFAULT NULL,
  PRIMARY KEY (`id`),
  KEY `services_status_store_id_index` (`status`,`store_id`)
) ENGINE=MyISAM DEFAULT CHARSET=utf8 COLLATE=utf8_unicode_ci;

/*Data for the table `p_services` */

/*Table structure for table `p_stores` */

DROP TABLE IF EXISTS `p_stores`;

CREATE TABLE `p_stores` (
  `id` int(10) unsigned NOT NULL AUTO_INCREMENT,
  `name` varchar(50) COLLATE utf8_unicode_ci NOT NULL,
  `address` varchar(100) COLLATE utf8_unicode_ci NOT NULL,
  `upload_id` int(11) NOT NULL COMMENT '图片id',
  `upload_url` varchar(100) COLLATE utf8_unicode_ci NOT NULL COMMENT '图片地址',
  `status` tinyint(4) NOT NULL COMMENT '状态，0禁用，1正常',
  `created_at` timestamp NULL DEFAULT NULL,
  `updated_at` timestamp NULL DEFAULT NULL,
  PRIMARY KEY (`id`),
  KEY `stores_status_index` (`status`)
) ENGINE=MyISAM DEFAULT CHARSET=utf8 COLLATE=utf8_unicode_ci;

/*Data for the table `p_stores` */

/*Table structure for table `p_uploads` */

DROP TABLE IF EXISTS `p_uploads`;

CREATE TABLE `p_uploads` (
  `id` int(10) unsigned NOT NULL AUTO_INCREMENT,
  `name` varchar(255) COLLATE utf8_unicode_ci DEFAULT NULL,
  `disk` varchar(255) COLLATE utf8_unicode_ci NOT NULL,
  `path` varchar(255) COLLATE utf8_unicode_ci NOT NULL,
  `mime_type` varchar(255) COLLATE utf8_unicode_ci NOT NULL,
  `size` int(11) NOT NULL,
  `created_at` timestamp NULL DEFAULT NULL,
  `updated_at` timestamp NULL DEFAULT NULL,
  PRIMARY KEY (`id`)
) ENGINE=MyISAM AUTO_INCREMENT=145 DEFAULT CHARSET=utf8 COLLATE=utf8_unicode_ci;

/*Data for the table `p_uploads` */

insert  into `p_uploads`(`id`,`name`,`disk`,`path`,`mime_type`,`size`,`created_at`,`updated_at`) values (1,'apple.png','public','book_img/1MM8OJtelJm9SiXx52FavJ9txb3oZZmZH95kIckg.png','image/png',241846,'2019-08-11 18:36:16','2019-08-28 02:37:39'),(2,'ST_baixuegongzhu205213-2.png','public','book_img/rjvTxNEzai7jke3LEOJZNzvQE4NaUEuCVufBxqUk.jpeg','image/jpeg',25905,'2019-08-18 14:19:27','2019-08-26 00:32:00'),(3,'app.png','public','book_img/fgW1vzS5uVNJa0OwryBB3b33UPg0Zdo751mHQcvy.png','image/png',10990,'2019-08-18 14:22:32','2019-08-18 14:22:32'),(4,'yanse.png','public','book_img/Pkf38nrD13nMqo2plK7SQPJImX273GXPuvzMBgte.png','image/png',187412,'2019-08-26 00:42:02','2019-08-26 00:42:02'),(5,'ffx.png','public','book_img/Q2nLYgdw2aVns8Rwx6CJPVBQ4RXk8z6sXlTyEjqJ.png','image/png',80965,'2019-08-28 02:46:28','2019-08-28 02:46:28'),(6,'dwjd.png','public','book_img/cpMZ0yeRcosDWI975aIhTLTJxLmLT0RIMLiBvhVA.png','image/png',93951,'2019-08-28 02:54:45','2019-08-28 02:54:45'),(7,'timg.jpg','public','book_img/DcIppcaTGMYsZXbxxD3vfGg7LykYx7VelYWWMeby.jpeg','image/jpeg',27058,'2019-09-22 19:51:19','2019-09-22 19:51:19'),(8,'timg.jpg','public','book_img/9LeJnjlQcD5BQMRG8Fprvbm1z4NNOW5PxHr4eCSg.jpeg','image/jpeg',27058,'2019-09-22 20:04:45','2019-09-22 20:04:45'),(9,'timg.jpg','public','book_img/uCo1nFlQObMB1OMCOrtCdqDKOO6bD0HrgBAIoqSk.jpeg','image/jpeg',27058,'2019-09-25 21:40:40','2019-09-25 21:40:40'),(10,'u=1020374941,568283797&fm=26&gp=0.jpg','public','book_img/OjikZtiZ3Y3cXdFZmQBGX1nPyiiHfd11ODauqMvk.jpeg','image/jpeg',56474,'2019-09-25 21:48:32','2019-09-25 21:48:32'),(11,'u=1020374941,568283797&fm=26&gp=0.jpg','public','book_img/rWLcUYhLBex3E0ouACk6IthO7t0nCNEixTVlO946.jpeg','image/jpeg',56474,'2019-09-25 21:53:13','2019-09-25 21:53:13'),(12,'u=1020374941,568283797&fm=26&gp=0.jpg','public','book_img/Mt1mXfUbOabYSv3JT8zNiviswODpH2XYMlXy0osR.jpeg','image/jpeg',56474,'2019-09-25 22:01:53','2019-09-25 22:01:53'),(13,'u=1020374941,568283797&fm=26&gp=0.jpg','public','book_img/BW05TKD1NVogBhxqxx021GI2LYNnqedFQG3xZwyY.jpeg','image/jpeg',56474,'2019-09-25 22:06:35','2019-09-25 22:06:35'),(14,'timg.jpg','public','book_img/TFKnPwpaAAWaqz4fCcTC4NAWQ5PIasbu80VQN1RV.jpeg','image/jpeg',27058,'2019-09-25 22:14:52','2019-09-25 22:14:52'),(15,'u=1020374941,568283797&fm=26&gp=0.jpg','public','book_img/Vse3Pa9xmvnjHKWFArDZlOenYBdiIDsOf7YACMnV.jpeg','image/jpeg',56474,'2019-09-25 22:20:32','2019-09-25 22:20:32'),(16,'u=1020374941,568283797&fm=26&gp=0.jpg','public','book_img/wYSnbu726cRpZuB96xLHoHuduG6myDHgj4WS5zC0.jpeg','image/jpeg',56474,'2019-09-25 22:29:34','2019-09-25 22:29:34'),(17,'u=1020374941,568283797&fm=26&gp=0.jpg','public','book_img/TbNdYK0Ia5FR0OVSIRgC8B27H5upz6T6jgxakHDD.jpeg','image/jpeg',56474,'2019-09-25 22:32:12','2019-09-25 22:32:12'),(18,'u=1020374941,568283797&fm=26&gp=0.jpg','public','book_img/rQG1SgbgfflKi1dE0ArQzqxPELlYYt8yAGzvbtiD.jpeg','image/jpeg',56474,'2019-09-25 22:33:32','2019-09-25 22:33:32'),(19,'timg.jpg','public','book_img/mIg1Bpxjhu77D0Smf33mNhMdSFJve9W916WoXeqj.jpeg','image/jpeg',27058,'2019-10-03 16:41:41','2019-10-03 16:41:41'),(20,'timg.jpg','public','book_img/WnWxryoOSvosSwum4Egxlem2OpxU4UCHAa015LCZ.jpeg','image/jpeg',27058,'2019-10-03 16:57:25','2019-10-03 16:57:25'),(21,'002.jpg','public','book_img/U8p0yjFgeYZ30fYHP0VZgYxGM1ekEEurWChLIUAA.jpeg','image/jpeg',78000,'2019-10-11 13:40:11','2019-10-11 13:40:11'),(22,'在教室说错了没关系.jpg','public','book_img/bT27VD0TrCkvKn3HereYZ7TIxn5r62l40drKqTB6.jpeg','image/jpeg',178842,'2019-10-12 12:49:06','2019-10-12 12:49:06'),(23,'在远方·小岛.jpg','public','book_img/RwjtbDSg9VR9FPTI5TUfdZcQKNB2MAVtv3is3dhA.jpeg','image/jpeg',55113,'2019-10-12 12:50:36','2019-10-12 12:50:36'),(24,'陶瓷男孩.jpg','public','book_img/B0BlvnibiF7xPkipMUtsyeEb1pmcXi0bW2ldGmUV.jpeg','image/jpeg',91019,'2019-10-12 12:51:56','2019-10-12 12:51:56'),(25,'大家一起玩更好玩.jpg','public','book_img/f3fF5RRV1jMwSgqd4catuAUdeTHT3tar9PbYDaXp.jpeg','image/jpeg',183068,'2019-10-12 12:52:47','2019-10-12 12:52:47'),(26,'我们家是世界上最好的家.jpg','public','book_img/XYD2EZE2l6wML96F3Tfs5wcwvTv4hkdLOF2EhJge.jpeg','image/jpeg',560133,'2019-10-12 12:54:08','2019-10-12 12:54:08'),(27,'我的爷爷是超人.jpg','public','book_img/ggvU4A6DSPBQyrkP8qZsr2thnjqP1ocCNlflCPsR.jpeg','image/jpeg',138248,'2019-10-12 12:55:18','2019-10-12 12:55:18'),(28,'我的奶奶是超人.jpg','public','book_img/RFPREiuxqAFffXnSnYoGRBjkAZ07f0fyhqJ5bShZ.jpeg','image/jpeg',373560,'2019-10-12 12:56:32','2019-10-12 12:56:32'),(29,'请不要随便欺负我.jpg','public','book_img/0Ziqb9j43jBYMBz1OQSWsfjpiBArvvVhb25nZMCF.png','image/png',207439,'2019-10-12 12:57:37','2019-10-12 12:57:37'),(30,'把天空撑起来.jpg','public','book_img/OwPRYJs4X7FGjKq4uT8re5vm0l04I3wYtYNObepN.jpeg','image/jpeg',83165,'2019-10-12 12:58:52','2019-10-12 12:58:52'),(31,'捉迷藏.jpg','public','book_img/jX7I2FHk0vJlfykZrRL9fHz9rv7wtR4eyfiEYK2u.jpeg','image/jpeg',45441,'2019-10-12 13:00:07','2019-10-12 13:00:07'),(32,'了不起的克劳德.png','public','book_img/acz3OGsnTSY7dqmezmRaQ6dDtQyRQ9VrmwBWxkGE.png','image/png',487441,'2019-10-12 13:01:57','2019-10-12 13:01:57'),(33,'小东西.jpg','public','book_img/VWafdq6QUZbhc5jvNiPN0yve5VQgLO2oOuybMDV7.jpeg','image/jpeg',47126,'2019-10-12 13:03:22','2019-10-12 13:03:22'),(34,'爸爸告诉我的事.jpg','public','book_img/Ga7Ol4pkPiroBi42o2C9a9vju57f7Z73SB92S7KN.jpeg','image/jpeg',114209,'2019-10-12 13:04:26','2019-10-12 13:04:26'),(35,'梦中的小老鼠.jpg','public','book_img/AWXE4PUNKwJkdj3bPhe2DP1Qbu7LvKz3tACxu0Jd.jpeg','image/jpeg',105722,'2019-10-12 13:06:31','2019-10-12 13:06:31'),(36,'小叶子去旅行.jpg','public','book_img/Lho6ns8MZko87wbDuRe1JCFKeznxzW7lGgfz2moI.jpeg','image/jpeg',460766,'2019-10-12 13:07:34','2019-10-12 13:07:34'),(37,'贝斯·别哭.jpg','public','book_img/WdMA5S5W0Sk0B6XTMoDkDBsIeRxl9UmFNZjsX9GH.jpeg','image/jpeg',96021,'2019-10-12 13:10:37','2019-10-12 13:10:37'),(38,'月光下的阿提.jpg','public','book_img/RVoBa0JFow5WH8NXJIHwDEM1sWLipGZTVFg0Feqp.jpeg','image/jpeg',93614,'2019-10-12 13:13:00','2019-10-12 13:13:00'),(39,'镜子后的阿提.jpg','public','book_img/5DyBAlOlYUGVLmEMAUNef0aG6PmWXsz2L8FDPFpp.jpeg','image/jpeg',82032,'2019-10-12 13:14:06','2019-10-12 13:14:06'),(40,'飞翔的阿提.jpg','public','book_img/rIilFh5LUnUFl928NBi4GHUpUvjvIqL0OU8d2PXR.jpeg','image/jpeg',87985,'2019-10-12 13:15:44','2019-10-12 13:15:44'),(41,'超级恐龙系列-恐龙挖掘队.jpg','public','book_img/AiixIRRIf4TB3xRFPpW72Wl7RmrvREJEM0qMB8st.jpeg','image/jpeg',117224,'2019-10-12 13:21:50','2019-10-12 13:21:50'),(42,'究竟发生了什么.png','public','book_img/R0V78G8L80UXtTcKGM9Nw5d42BMdGeRt0DcJLiNg.png','image/png',933601,'2019-10-12 13:25:42','2019-10-12 13:25:42'),(43,'Doc1.png','public','book_img/YBJfOK6Hpw6Uq1T8GxnqDrfBSxFjaiExpEgMFvlw.png','image/png',636965,'2019-10-12 13:29:43','2019-10-12 13:30:00'),(44,'宝贝不可以.jpg','public','book_img/Jz4poGvwQGDgGLuWqBJvtom4zo57d083jtB2gi8w.jpeg','image/jpeg',65419,'2019-10-12 13:34:46','2019-10-12 13:34:46'),(45,'Doc2.png','public','book_img/m4DtW0HDpQ1IsT2dAbxjWJXX2mAGfOhs9QcSktee.png','image/png',624763,'2019-10-12 13:35:27','2019-10-12 13:35:36'),(46,'了不起的克劳德.png','public','book_img/UjBtk0rWLrAjqq67vHoW7zE0QIlSJAHWTI3jdgAi.png','image/png',487441,'2019-10-12 13:36:07','2019-10-12 13:36:07'),(47,'WX20191012-133226@2x.png','public','book_img/2wpQqabS2RmgMFNCuf3hLQQmgRoG9Xr3y6d5kAwX.png','image/png',607205,'2019-10-12 13:37:19','2019-10-12 13:37:19'),(48,'WX20191012-133338@2x.png','public','book_img/X7oO1xFmtAmURqNpknBRDCGWi4UODHDg4H1gEA8d.png','image/png',535035,'2019-10-12 13:38:41','2019-10-12 13:38:55'),(49,'一直特立独行的鸡.png','public','book_img/dEoAFpxPGAKfJfeBJjE90ml9LX6d7NIV4uhx0fR2.png','image/png',498417,'2019-10-12 13:39:23','2019-10-12 13:39:23'),(50,'你想变成什么.jpg','public','book_img/pHt0SCpaIBPEeF8hA5E3ko4rM2IX5r8KTtTLEMNk.jpeg','image/jpeg',295550,'2019-10-12 13:43:18','2019-10-12 13:43:18'),(51,'你想变成什么.jpg','public','book_img/TLYobojQjcWCMorulrRFhf1bDXiyg96fDY23q941.jpeg','image/jpeg',295550,'2019-10-12 13:43:34','2019-10-12 13:43:34'),(52,'小猫迷你.jpg','public','book_img/HS5613ex3az8JwnqtNRY8rO8lNOR3u4t1f4Onxke.jpeg','image/jpeg',457006,'2019-10-12 13:49:34','2019-10-12 13:49:34'),(53,'老鼠冤家.jpg','public','book_img/3E2eZFilt8UDanCM6FRFO2yYGQDn78ZnpG0ujc4H.jpeg','image/jpeg',399287,'2019-10-12 13:51:06','2019-10-12 13:51:06'),(54,'铅笔的100个梦.png','public','book_img/MTLfUAfjsXVItKipYy0IexUleZA3biX5V5wtFSHJ.png','image/png',231827,'2019-10-12 13:52:28','2019-10-12 13:52:28'),(55,'驴爷爷和鼠奶奶.jpg','public','book_img/sHROh9nBf0p8p9wxiHZR59KEqIZWCgfeYsWhyJjN.jpeg','image/jpeg',90004,'2019-10-12 13:57:25','2019-10-12 13:57:25'),(56,'WX20191012-135605@2x.png','public','book_img/qelOd4ltj0BW2IVViC0LGYD9oOYzvaRp3uxFPy2y.png','image/png',339660,'2019-10-12 13:57:27','2019-10-12 13:57:27'),(57,'WX20191012-133948@2x.png','public','book_img/00Nzka0r9OopTXgIcBmj6X0kVEukjdY6kvxWOvTC.png','image/png',603654,'2019-10-12 13:58:56','2019-10-12 13:58:56'),(58,'WX20191012-134139@2x.png','public','book_img/zyqGz76iCiHMtIVQSXybsY3imRtmg0tRRO748Pbi.png','image/png',476049,'2019-10-12 14:00:36','2019-10-12 14:00:36'),(59,'情绪吸尘器.jpg','public','book_img/HdE4Vwb8J1rc9lyOMg5EBY6jmDI0LfUZYqNacgXt.jpeg','image/jpeg',60780,'2019-10-12 14:01:17','2019-10-12 14:01:17'),(60,'WX20191012-134259@2x.png','public','book_img/XxbzBnUoHNyjzfBcCCDvxFL6LfH6NspUTrbPXNWv.png','image/png',551982,'2019-10-12 14:02:12','2019-10-12 14:02:12'),(61,'聪明的亚历山大.jpg','public','book_img/MWeUHBfuwQ07djWRdie7Wkc98GhzTjmsLuOO5grD.jpeg','image/jpeg',81518,'2019-10-12 14:02:42','2019-10-12 14:02:42'),(62,'WX20191012-134351@2x.png','public','book_img/0HO600Jr2f28Nv3wZNcHu8gk840JkmIjNHMSxkkO.png','image/png',447588,'2019-10-12 14:03:49','2019-10-12 14:03:49'),(63,'WX20191012-134431@2x.png','public','book_img/dNFBjW3yOVrfYGe6RVj3sK6O9zqy9QOVoA53HsE1.png','image/png',490434,'2019-10-12 14:04:59','2019-10-12 14:04:59'),(64,'艾米丽和娜内特-雪花和仙女的愿望.jpg','public','book_img/KDn1sC6IFFeWprS1mPb7kSmGEyVHC82V9ZLNShHh.jpeg','image/jpeg',86352,'2019-10-12 14:05:11','2019-10-12 14:05:11'),(65,'WX20191012-134524@2x.png','public','book_img/gvdHakHy0i1Bk90i0HZtwCweNXWQHDUgjQzqZ3Ja.png','image/png',188920,'2019-10-12 14:06:11','2019-10-12 14:06:11'),(66,'WX20191012-134637@2x.png','public','book_img/kns9ynsCXy52Z2ZzX43U4CwXEi8Qn1SQHwMNlsdN.png','image/png',199115,'2019-10-12 14:08:06','2019-10-12 14:08:06'),(67,'WX20191012-134742@2x.png','public','book_img/Vw7YqqqDSPWSxmPs14Vz06Bh8eEVpTdgtB6eTMNR.png','image/png',625875,'2019-10-12 14:10:05','2019-10-12 14:10:05'),(68,'WX20191012-134831@2x.png','public','book_img/ocaZUslEkOMCCbGeZPpK4zAtROrme1FI5V9WPja2.png','image/png',699916,'2019-10-12 14:11:32','2019-10-12 14:11:32'),(69,'亚历山大的皮球.png','public','book_img/rMdcBnpcs02TAa9vmRdUgpARcC2lRql0JVyaawbZ.png','image/png',454665,'2019-10-12 14:11:54','2019-10-12 14:11:54'),(70,'WX20191012-134930@2x.png','public','book_img/SVKjq3yluAY7HHNfyRTEJJIvDVkA8Ak6AkeanTUd.png','image/png',244183,'2019-10-12 14:13:00','2019-10-12 14:13:00'),(71,'WX20191012-135025@2x.png','public','book_img/EpsMVnLSW2JTa1AEWmnOFV46jU475SBGyNLnxFU8.png','image/png',605080,'2019-10-12 14:14:08','2019-10-12 14:14:08'),(72,'亚历山大的企鹅.png','public','book_img/NtuNdtn4VBABuOzu0o5h1pXKpE7f7X0zPhppBEL7.png','image/png',489184,'2019-10-12 14:14:13','2019-10-12 14:14:13'),(73,'WX20191012-135101@2x.png','public','book_img/5d8nMj5zD3LAk91fC4ZJOCr6hJKqSeACiiAm9rM1.png','image/png',644180,'2019-10-12 14:15:26','2019-10-12 14:15:26'),(74,'WX20191012-135146@2x.png','public','book_img/eAriObHMhDGkQaG18aOai1QSWBk05plH2vctbAKB.png','image/png',617349,'2019-10-12 14:16:41','2019-10-12 14:16:41'),(75,'001.jpg','public','book_img/9joXSfH0XLPvbsMSLKoBcQoqe2iYFc2g83pkBFCZ.jpeg','image/jpeg',60032,'2019-12-04 14:17:06','2019-12-04 14:17:06'),(76,'002&003.jpg','public','book_img/uNI9PxtJ5PTnD3awvGyPzjHFLRCrT4Ka1BnRvYcJ.jpeg','image/jpeg',78000,'2019-12-04 14:22:28','2019-12-04 14:22:28'),(77,'004&005.jpg','public','book_img/yjYCrrtxKS5cDDKm6qxmhem03asucxSEwdvmfPTB.jpeg','image/jpeg',246595,'2019-12-04 14:26:05','2019-12-04 14:26:05'),(78,'004&005.jpg','public','book_img/Berd80sWyphGakGYhr6zEqiL3sUgq8XxBLfCuzBv.jpeg','image/jpeg',246595,'2019-12-04 14:27:50','2019-12-04 14:27:50'),(79,'006&007.jpg','public','book_img/PGRYZOZZHHi9d31FiYDC5x9UJoLgnW7Omq6CfgFc.jpeg','image/jpeg',44149,'2019-12-04 14:29:08','2019-12-04 14:29:08'),(80,'006&007.jpg','public','book_img/WN8bAYxyHOukFUbU78xB9GjXNAGKyRryL1bGTnhP.jpeg','image/jpeg',44149,'2019-12-04 14:30:45','2019-12-04 14:30:45'),(81,'008.jpg','public','book_img/kUjtn5yytXcESDKMTMK77kqsf8yMlVS9Pw4MTnJq.jpeg','image/jpeg',559665,'2019-12-04 14:32:26','2019-12-04 14:32:26'),(82,'009.jpg','public','book_img/gBVC2MfryLfkNzoKO31GG34mDMbGnFL4Seo0VKti.jpeg','image/jpeg',60875,'2019-12-04 14:33:39','2019-12-04 14:33:39'),(83,'010.jpg','public','book_img/hsI4Qd9dK3rBX97LEJa8ozimHLp8EgbcIfYVr5TH.jpeg','image/jpeg',63383,'2019-12-04 14:34:59','2019-12-04 14:34:59'),(84,'011.jpg','public','book_img/AQRnluZSl2NzZqz9RfrTFZrTX8a9SgytdFMgRwIX.jpeg','image/jpeg',33549,'2019-12-04 14:37:05','2019-12-04 14:37:05'),(85,'012.jpg','public','book_img/z5AmtRnCo9ZkRBHVCWS0S9kgnRHAGxooFyIDANi1.jpeg','image/jpeg',38672,'2019-12-04 14:38:25','2019-12-04 14:38:25'),(86,'013.jpg','public','book_img/sEvu5EuKp63n0SeRJkvKMbDpsdFPeYjlm6XtAm6M.jpeg','image/jpeg',24600,'2019-12-04 14:40:23','2019-12-04 14:40:23'),(87,'014.jpg','public','book_img/32M5WiDjcX7uZKYrv8HNrTLBrWySUN0Lf7RwbCz6.jpeg','image/jpeg',38077,'2019-12-04 14:41:18','2019-12-04 14:41:18'),(88,'015.jpg','public','book_img/uusHNXIxJ2ckrWlRDCsqQQUe5ZPm4tJP5SYsxAoe.jpeg','image/jpeg',33982,'2019-12-04 14:42:22','2019-12-04 14:42:22'),(89,'016&017.jpg','public','book_img/fEs6bjygCmkz6btr4bppp9KuZX2eR6nq9nTOzGVe.jpeg','image/jpeg',53254,'2019-12-04 14:43:18','2019-12-04 14:43:18'),(90,'016&017.jpg','public','book_img/Tpsj6t7fl4s2ErxnxmNzS354waycIpXF2lRUYzhY.jpeg','image/jpeg',53254,'2019-12-04 14:44:15','2019-12-04 14:44:15'),(91,'018.jpg','public','book_img/BsisFT9vBVGeEveKcsNn943yRboUzNn0FvpkSDCg.jpeg','image/jpeg',53912,'2019-12-04 14:45:30','2019-12-04 14:45:30'),(92,'019.jpg','public','book_img/o8eb2UXqEvPBHL7OOmRykKpGJTIx2qdMocMZj8Qu.jpeg','image/jpeg',90345,'2019-12-04 14:46:34','2019-12-04 14:46:34'),(93,'020.jpg','public','book_img/8D7EAkXmWEXjj6qO5VMPysHhd3GVg1L8jsJjASbd.jpeg','image/jpeg',29937,'2019-12-04 14:47:53','2019-12-04 14:47:53'),(94,'051.jpg','public','book_img/CdwSXKX7RthsmgzhfZBz5LrbLVUBT2HgtpAHzjiz.jpeg','image/jpeg',544829,'2019-12-04 14:49:00','2019-12-04 14:49:00'),(95,'052.jpg','public','book_img/x4Iv9JDOH1jyKyzO1bdO2Ef3JHfM7LNGcBxV2njE.jpeg','image/jpeg',340280,'2019-12-04 14:49:54','2019-12-04 14:49:54'),(96,'053.jpg','public','book_img/EVhbZuW19eja0kFm3ZJxCZCAI0EQq2MzI9MHHutC.jpeg','image/jpeg',257280,'2019-12-04 14:50:52','2019-12-04 14:50:52'),(97,'054.jpg','public','book_img/ZtIvFrtbOUTO5JyApo4H6TYaePzgjtFzEHSSC38x.jpeg','image/jpeg',343010,'2019-12-04 14:51:56','2019-12-04 14:51:56'),(98,'055.jpg','public','book_img/jrZ3jk8yROussLIdkz8a25LpgkCNoaMQCE4CVHlU.jpeg','image/jpeg',97729,'2019-12-04 14:52:38','2019-12-04 14:52:38'),(99,'056.jpg','public','book_img/tiixkEBPd5tGKKmutq9anqVukV6pHIGAoIfn6qfY.jpeg','image/jpeg',122561,'2019-12-04 14:53:40','2019-12-04 14:53:40'),(100,'057.jpg','public','book_img/kzMFJZQnZoJ1apbrDgJfhjDKSgvkrzOK29hsj1ks.jpeg','image/jpeg',58388,'2019-12-04 14:54:33','2019-12-04 14:54:33'),(101,'058.jpg','public','book_img/9HChvSMA6uO6Ek02RMy2heayrppJBm6f10GguTKe.jpeg','image/jpeg',85740,'2019-12-04 14:55:19','2019-12-04 14:55:19'),(102,'059.jpg','public','book_img/2Ale1K1SSOD77f8je1Ujti5VFTIVoinqpCGibwCQ.jpeg','image/jpeg',559096,'2019-12-04 14:56:27','2019-12-04 14:56:27'),(103,'060.jpg','public','book_img/zunV4WStw8H9T0QSumLZaNLPB3rFg8i3jNGMcL8R.jpeg','image/jpeg',77522,'2019-12-04 14:57:45','2019-12-04 14:57:45'),(104,'061.jpg','public','book_img/XD46tI0HlIlX8oKwvOR7eESjoJxGSi3lz7vTyhQ1.jpeg','image/jpeg',22226,'2019-12-04 14:58:50','2019-12-04 14:58:50'),(105,'062.jpg','public','book_img/PqlimxmZeoAe9iASbKIq3DjB2fgWEXUnhulx3vjc.jpeg','image/jpeg',90453,'2019-12-04 15:00:18','2019-12-04 15:00:18'),(106,'063.jpg','public','book_img/7xT1SGelFCQwhHo6yuKzQWfYW29QM6OcrUBUJZut.jpeg','image/jpeg',125402,'2019-12-04 15:01:09','2019-12-04 15:01:09'),(107,'064.jpg','public','book_img/y8tWvcymJtwUpAj3x7BwXHKRUTHNu1y1bEuXWkwE.jpeg','image/jpeg',77723,'2019-12-04 15:02:45','2019-12-04 15:02:45'),(108,'065.jpg','public','book_img/PtzCHACla1FIfgSYzYizFYDT8H7Tzellfc7qi971.jpeg','image/jpeg',71344,'2019-12-04 15:03:42','2019-12-04 15:03:42'),(109,'066.jpg','public','book_img/g5R8ajYprb7PdfbtEoimwRmdlk4bq12G6XhzUX2X.jpeg','image/jpeg',266645,'2019-12-04 15:04:59','2019-12-04 15:04:59'),(110,'067.jpg','public','book_img/x4wEp8s7VMFiLQE1Y1IsVZmAxR7L0KhpFCbN8JGn.jpeg','image/jpeg',482210,'2019-12-04 15:06:13','2019-12-04 15:06:13'),(111,'068.jpg','public','book_img/jTvxs2dNjsyUTtNCiOHVUDNshtdOYq6ZImyQ0Vou.gif','image/gif',333151,'2019-12-04 15:07:40','2019-12-04 15:07:40'),(112,'069.jpg','public','book_img/8xSEkQDw5lDlPF0T3Loc4A3HjJxNbG7Se1SrO94m.jpeg','image/jpeg',54589,'2019-12-04 15:09:06','2019-12-04 15:09:06'),(113,'070.jpg','public','book_img/XEt4qixkRGamtyJ5MDLMo4O8K28dlVaAzDkpaaIc.jpeg','image/jpeg',47784,'2019-12-04 15:10:42','2019-12-04 15:10:42'),(114,'071.jpg','public','book_img/1aLqQO94RJ2iC7AMxAGmDcKATHMy6QNY4SeKStUQ.jpeg','image/jpeg',58699,'2019-12-04 15:13:57','2019-12-04 15:13:57'),(115,'072.jpg','public','book_img/CCbw6Ojg7M633gU68qoRRP2w2jy2C3cbTTvMJJ2A.jpeg','image/jpeg',86016,'2019-12-04 15:14:47','2019-12-04 15:14:47'),(116,'073.jpg','public','book_img/qGjPO5zj2Nfa2hGro3PJp4NCckKmJTc44HJIPKqM.gif','image/gif',98039,'2019-12-04 15:15:47','2019-12-04 15:15:47'),(117,'074.jpg','public','book_img/EqRKSTxsSmv1avxhgMwzIiS7zkAZVz77RWru60DK.jpeg','image/jpeg',268796,'2019-12-04 15:16:38','2019-12-04 15:16:38'),(118,'075.jpg','public','book_img/pkboLegpiknCZ9NmJWZANCUH1brna3BUICJqnnOp.jpeg','image/jpeg',63265,'2019-12-04 15:17:32','2019-12-04 15:17:32'),(119,'076.jpg','public','book_img/FkVX6dXoY83vcavNruaC7xSJPV0jxFs2dSAwecA3.jpeg','image/jpeg',212007,'2019-12-04 15:18:26','2019-12-04 15:18:26'),(120,'077.jpg','public','book_img/qGV3wiDgK0EF6cllK2tc0ukS1w212bFvTigCFPTY.jpeg','image/jpeg',98348,'2019-12-04 15:19:09','2019-12-04 15:19:09'),(121,'078.jpg','public','book_img/BIHdCHjsMQLWeRaqo09TYAXpCPSBh9WM6lLqAdFj.jpeg','image/jpeg',160070,'2019-12-04 15:20:09','2019-12-04 15:20:09'),(122,'079.jpg','public','book_img/ZLXdmErIWKVMsztxXrALvBfkNIxSDFVNwdnWx821.jpeg','image/jpeg',62858,'2019-12-04 15:20:46','2019-12-04 15:20:46'),(123,'080.jpg','public','book_img/mO8wQXFLEWdALpsicU9SoFG1ymUdwjNhZp3lHiQj.jpeg','image/jpeg',60793,'2019-12-04 15:21:38','2019-12-04 15:21:38'),(124,'森林报海报.jpg','public','book_img/nKouZtKYVKjqBl8Uaomn1vPTSAzNGWz6vbC6gA0B.jpeg','image/jpeg',186320,'2020-04-07 20:45:24','2020-04-07 20:45:24'),(125,'banner-1.png','public','book_img/kY5sx79RbbY4qaXRROdd6g08FG39ZYJ21wYBYIkc.png','image/png',114895,'2020-04-12 18:21:32','2020-04-12 18:21:32'),(126,'banner-1.png','public','book_img/CXSewVL1AuY9BHtLDnCUeo3moZOSMogQxOoOQtXu.png','image/png',114895,'2020-04-12 18:34:16','2020-04-12 18:34:16'),(127,'banner-1.png','public','book_img/44UpbWYMV5IMSZf7GxDj5OyxjN1WAJVo0iwNXfCG.png','image/png',114895,'2020-04-12 18:42:41','2020-04-12 18:42:41'),(128,'banner-1.png','public','book_img/rHW7ilBCuhAEZYGFUofCKNvfBqygUTT37KGu9Pz1.png','image/png',114895,'2020-04-12 18:49:05','2020-04-12 18:49:05'),(129,'banner-1.png','public','book_img/uDb4nSK5XcxF2ss5wzIxrI6AFG8AlF8oKBjtQfPz.png','image/png',114895,'2020-04-12 18:51:24','2020-04-12 18:51:24'),(130,'banner-1.png','public','book_img/DkWOPzpB6GPpryd0M7DchZENhbhzBJOv6BL6HKnH.png','image/png',114895,'2020-04-12 19:02:12','2020-04-12 19:02:12'),(131,'banner-1.png','public','book_img/6atjF6S20Xv9NnP8A5H4v4qcOwQ4eaKmkIyZpeMo.png','image/png',114895,'2020-04-12 19:10:21','2020-04-12 19:10:21'),(132,'banner-1.png','public','book_img/hRllyvmGvcWtnRzkiIZyGvRxLk3DEURzXM51tA6R.png','image/png',114895,'2020-04-12 19:11:24','2020-04-12 19:11:24'),(133,'banner-1.png','public','book_img/Mv5B5Peb3RIHHbQqZ3ADDH0CMG3vJwd7LI8PcImo.png','image/png',114895,'2020-04-12 19:20:36','2020-04-12 19:20:36'),(134,'banner-1.png','public','book_img/MS7Q9kAemIq1UE9zYXISW103QV2rSZBdCv7G9Egd.png','image/png',114895,'2020-04-12 19:53:22','2020-04-12 19:53:22'),(135,'banner-1.png','public','book_img/IdIbWaufjBnVOCKseWXiK9JJo5D26OvvsYLVscqW.png','image/png',114895,'2020-04-12 19:54:26','2020-04-12 19:54:26'),(136,'banner-2.png','public','book_img/HkUDPZqwXvWyd6P7RfYqp2jiEqqsMOP1qnRfYBZQ.png','image/png',79532,'2020-04-13 09:33:28','2020-04-13 09:33:28'),(137,'banner-2.png','public','book_img/psMPFopaECS4RytLEweCLjGtzWLKVewFBmi7sX7I.png','image/png',79532,'2020-04-13 09:38:03','2020-04-13 09:38:03'),(138,'banner-2.png','public','book_img/m02tc9ClF7N9qLc6Cw3EhvwUOzITPGuSgeOjqDJa.png','image/png',79532,'2020-04-13 09:39:35','2020-04-13 09:39:35'),(139,'banner-2.png','public','book_img/OBfzSkNElOkKN7dsrbkrRLtmSXHwoWX60BnhAsQc.png','image/png',79532,'2020-04-13 09:39:51','2020-04-13 09:39:51'),(140,'banner-2.png','public','book_img/Fm9TkcRECwZdXF41kaidUnFEOaG867dEVd2bkUJh.png','image/png',79532,'2020-04-13 09:41:13','2020-04-13 09:47:03'),(141,'banner-3.png','public','book_img/0hhI6YE028wZVc12d7mX8yHJQWqQNocjk0hVujgL.png','image/png',105066,'2020-04-13 09:41:50','2020-04-13 09:41:50'),(142,'banner-3.png','public','book_img/OXKuZeAqJ4nsipnJuBcBuglTDs140sEz2ptgPxGM.png','image/png',105066,'2020-04-13 09:54:51','2020-04-13 09:54:51'),(143,'banner-3.png','public','book_img/uUjcCreMdGYeiAh5lNUTLdip47Ehn5tMfDYYRSrZ.png','image/png',105066,'2020-04-13 10:20:34','2020-04-13 10:20:34'),(144,'banner-3.png','public','book_img/TiZAhMXYXBt9QrSst0mj1vMR87fQCW3FSXuNTaot.png','image/png',105066,'2020-04-13 10:29:29','2020-04-13 10:29:29');

/*Table structure for table `p_users` */

DROP TABLE IF EXISTS `p_users`;

CREATE TABLE `p_users` (
  `id` int(10) unsigned NOT NULL AUTO_INCREMENT,
  `openid` varchar(60) COLLATE utf8_unicode_ci NOT NULL,
  `wx_name` varchar(30) COLLATE utf8_unicode_ci DEFAULT NULL COMMENT '微信昵称',
  `wx_avatar` varchar(300) COLLATE utf8_unicode_ci DEFAULT NULL COMMENT '微信头像',
  `phone` varchar(20) COLLATE utf8_unicode_ci NOT NULL,
  `name` varchar(20) COLLATE utf8_unicode_ci DEFAULT NULL COMMENT '家长姓名',
  `status` tinyint(4) NOT NULL DEFAULT '1' COMMENT '状态，0禁用，1正常',
  `type` tinyint(4) NOT NULL DEFAULT '0' COMMENT '0顾客，1理发师',
  `work_no` varchar(10) COLLATE utf8_unicode_ci DEFAULT NULL COMMENT '理发师工号',
  `vip_id` int(10) DEFAULT NULL COMMENT '会员卡id',
  `vip` varchar(40) COLLATE utf8_unicode_ci DEFAULT NULL COMMENT '会员名称',
  `vip_type` tinyint(4) DEFAULT '0' COMMENT '会员卡类型',
  `vip_exp_at` date DEFAULT NULL COMMENT 'VIP到期时间',
  `member_no` varchar(100) COLLATE utf8_unicode_ci DEFAULT NULL COMMENT '会员卡号',
  `remember_token` varchar(100) COLLATE utf8_unicode_ci DEFAULT NULL,
  `balance` decimal(10,2) DEFAULT '0.00',
  `created_at` timestamp NULL DEFAULT NULL,
  `updated_at` timestamp NULL DEFAULT NULL,
  `is_old` tinyint(3) DEFAULT '0' COMMENT '是否老用户:0:新，1：旧用户',
  PRIMARY KEY (`id`),
  KEY `users_openid_status_type_vip_phone_index` (`openid`,`status`,`type`,`vip`,`phone`)
) ENGINE=MyISAM AUTO_INCREMENT=35 DEFAULT CHARSET=utf8 COLLATE=utf8_unicode_ci;

/*Data for the table `p_users` */

insert  into `p_users`(`id`,`openid`,`wx_name`,`wx_avatar`,`phone`,`name`,`status`,`type`,`work_no`,`vip_id`,`vip`,`vip_type`,`vip_exp_at`,`member_no`,`remember_token`,`balance`,`created_at`,`updated_at`,`is_old`) values (1,'oNPcxwL9nJHdB82FRYi0y4yBoRLE','小大象','http://thirdwx.qlogo.cn/mmopen/vi_32/DYAIOgq83epibQ8zJ6FhkzBBhLCOtVpicdY6VqaKcb8iadAKdYwBkdyzrA9gAc38cAnGicOgSTJURx9s2ZCDMFKEZQ/132','18971011200','吕一帆',1,0,NULL,12,'学期卡',1,'2020-01-01','00000016',NULL,'0.00','2019-09-07 16:37:16','2020-04-19 21:56:52',1),(2,'oNPcxwIcE6XZodxj_FGYMCN7o3kg','Eden','http://thirdwx.qlogo.cn/mmopen/vi_32/cyf3fpFvSfF9KGwjGgtFjSHdz6qFHnfwnnyx6TdQNTLib4PD3G4jegvRuFgXFTprN9p0rrtINNBC3w8ia5epT1eg/132','15827518193','阿飞',1,0,NULL,15,'测试月卡',1,'2020-04-01','0000001F',NULL,'0.00','2020-01-04 12:59:59','2020-06-25 17:41:11',1),(4,'oNPcxwHPWlW2z2t9XnRX1YK36kvU','陈东','http://thirdwx.qlogo.cn/mmopen/vi_32/Q0j4TwGTfTJF2gTFBleTUHniaibCRXeldiaQBcjpRzIPoiahElAIjN7KwonDuYqzYZfNMcRVBuz7K2Y1mUiaeBXdnyg/132','15172523590','陈东',1,0,NULL,13,'月卡',1,'2020-03-31','00000018',NULL,'0.00','2019-10-02 20:59:45','2020-08-05 14:29:02',1),(5,'oNPcxwCG6tBNDKGOxXZPNNYdJSJc','积木','http://thirdwx.qlogo.cn/mmopen/vi_32/Q0j4TwGTfTIhO5gzKwFUib5BgWJNp36zmX4ibJelwsH8QvRNkoJFicWWLib5nad2VS3a6qciauGblnjlyRhXEwicIETQ/132','18995558588','积木',1,0,NULL,15,'测试月卡',1,'2020-03-29','0000001E',NULL,'0.00','2019-10-02 20:59:57','2020-03-11 21:35:52',1),(7,'oNPcxwEXblvTdo6KbIVRj01hO5s4','王强','','',NULL,1,0,NULL,NULL,'',NULL,NULL,NULL,NULL,'0.00','2019-10-09 21:09:25','2019-10-09 21:09:44',0),(8,'oNPcxwOXt7l3yEywygK23S3lgU3g','可樂','http://thirdwx.qlogo.cn/mmopen/vi_32/ZbXEXIRQYqyIuUdvkvsle4Iup0Kw19W4IrHn7Stib61BnkchAOgqpsEbAOibKlEZsI1dRsLkqibmH5Yr3frOpdmug/132','18171457500','可乐',1,0,NULL,12,'月卡',1,'2020-03-29','0000001A',NULL,'0.00','2019-10-11 15:31:43','2020-03-11 22:39:11',1),(9,'oNPcxwIBpj4uN0-wmLOgd6bMT3fQ','杨洁','http://thirdwx.qlogo.cn/mmopen/vi_32/Q0j4TwGTfTLWG242OzJcVlmXkmLvtUFnbOl5Lkn2yGlLktTGWq4SibfUIiccgGNK7CDNCOBL73cYmPMMGh5A3sQg/132','',NULL,1,0,NULL,NULL,'',NULL,NULL,NULL,NULL,'0.00','2019-10-18 15:48:59','2019-10-30 11:14:26',0),(10,'oNPcxwAKcmWWLmiEceXJMOp_WQvU','晖','http://thirdwx.qlogo.cn/mmopen/vi_32/EsUSrkibCrbDU63uhTFAb1icXuBp1zic1mUIoOhq0JTcYzWpuq563146bIH3j1hL1Y2MzibpsIRicbuMM0514yVrEsQ/132','',NULL,1,0,NULL,NULL,'',NULL,NULL,NULL,NULL,'0.00','2019-10-18 15:53:33','2019-11-07 17:59:52',0),(11,'oNPcxwBnUeII6fZO2f9oycz6B8QM','张惠','http://thirdwx.qlogo.cn/mmopen/vi_32/DYAIOgq83eqTibCYNnIPhRIIibRRRg2p5MlhzTYNAB4uHq5oEW91dncaIRCYAWKUhTibEYWp5q7RaviaORlH3Hq5dA/132','',NULL,1,0,NULL,NULL,'',NULL,NULL,NULL,NULL,'0.00','2019-10-18 16:02:14','2019-10-18 16:02:14',0),(12,'oNPcxwEjrVs3PWrC5-GZtIWh2a2w','only筷楽℡只是ｂū懂','http://thirdwx.qlogo.cn/mmopen/vi_32/DYAIOgq83eroU8IrM99dicwQRNiaowauPERf8qStN9L2421oIPHghVibxuZCibI3cNsH63JcXt2XfziaFTGH7RWqZRg/132','',NULL,1,0,NULL,NULL,'',NULL,NULL,NULL,NULL,'0.00','2019-10-25 09:54:12','2019-10-25 09:54:21',0),(14,'oNPcxwOW3RLwc42_0V2eq4zNgmc0','周军干','http://thirdwx.qlogo.cn/mmopen/vi_32/Q0j4TwGTfTILJspjqGeYrnSQMic4WgBibOniaI7eRQhLICuZGTIYNbm7OibTV70fHjBssIewD6SBlt9Tlx614UjohQ/132','',NULL,1,0,NULL,NULL,'',0,NULL,NULL,NULL,'0.00','2019-11-03 16:48:01','2019-11-07 18:12:39',0),(15,'oNPcxwGVdWU13Mxuqh2h68wmWUyM','随心所欲','http://thirdwx.qlogo.cn/mmopen/vi_32/2eC1bLSGUUrg88RkibicI2UmyL1OmXXJ0Roaa8ksBibf6jOxqN4SqKbeWLKEXK1MnqJejhCyuNScp5hSXXkyrvhcw/132','',NULL,1,0,NULL,NULL,'',0,NULL,NULL,NULL,'0.00','2019-11-07 17:03:59','2019-11-07 17:07:24',0),(16,'oNPcxwEBjGZQIa5vwbmWawToAFCE','刘曦','http://thirdwx.qlogo.cn/mmopen/vi_32/e67a1IgQjf4Qt5Jn9bzmlwnlibMAIObPymDDCfo9oxgjoUPWSiau2cXRywwH6Wcic29PwhfIY6LNicPhgXBOUonrTA/132','',NULL,1,0,NULL,NULL,'',0,NULL,NULL,NULL,'0.00','2019-11-21 10:38:18','2019-11-23 20:36:33',0),(17,'oNPcxwNbNhPBgOKHH_wKXdsP0aKY','小秋','http://thirdwx.qlogo.cn/mmopen/vi_32/Q0j4TwGTfTK8oWca0FXerArTklAKgDEGKrDRV0L9lLWgqkyYYvibEyMJnPOCzyrUduQgFNHI8SUvYKib56ECBSWw/132','',NULL,1,0,NULL,NULL,'',0,NULL,NULL,NULL,'0.00','2019-11-21 17:14:09','2019-11-21 17:15:40',0),(18,'oNPcxwFDLcBBtK2e5r1WR59ViS5M','Liang','http://thirdwx.qlogo.cn/mmopen/vi_32/Q0j4TwGTfTJcFhGY0NV4kJIjuzMovGlKvRk0HBZjLCDPgWjRLHOSJAOw53jHPJdDDq6F7YgkLYVWiaurFvMaqpQ/132','',NULL,1,0,NULL,NULL,'',0,NULL,NULL,NULL,'0.00','2019-11-22 14:48:53','2020-01-20 13:16:00',0),(19,'oNPcxwDPSdj7bUHq-REXqQXI0gDE','Sun','http://thirdwx.qlogo.cn/mmopen/vi_32/PiajxSqBRaEIODUIvZVtxc7bFSjX9nqmiauiaiatToxQLK0ke1ibos4GYobhsTkaxzDcbqPnQEYWZAtC0nO1hPjjHiaA/132','',NULL,1,0,NULL,NULL,'',0,NULL,NULL,NULL,'0.00','2019-11-23 21:13:40','2019-11-26 20:03:19',0),(20,'oNPcxwAl5MW0W5qqJenSfjRlu6rU','果果爸爸','http://thirdwx.qlogo.cn/mmopen/vi_32/DYAIOgq83eolrrBlK7ku1UJ1XKHKCqHMULmnQ58hMOMg3JAD4qMe1YVYw3icVE717f279OHXzrYLLFoNshia1tQA/132','',NULL,1,0,NULL,NULL,'',0,NULL,NULL,NULL,'0.00','2019-11-25 12:15:14','2019-11-25 12:20:18',0),(21,'oNPcxwLfSjG8YpRfStpUghmhTurA','AlExPJw','http://thirdwx.qlogo.cn/mmopen/vi_32/DYAIOgq83eroZ1qIb2qhW5Bf3KpbZ2OZ5KA9ZmIXZ8W77dBdytfVq2iaia46Z1UKjrhcCd10OLib4DyKwcoYyPRiaQ/132','',NULL,1,0,NULL,NULL,'',0,NULL,NULL,NULL,'0.00','2019-11-25 12:20:11','2019-11-25 12:26:52',0),(22,'oNPcxwJek8e7UgyesQQXxP5CjGfI','梨梨鸭梨子_Pear','http://thirdwx.qlogo.cn/mmopen/vi_32/aB1VZqYJBpk2dzBUBqCxA1z0P6gyXa5zU7ib6q2liaUUEeVlSiacfYnjPVkf1c539EXF4nXSIQVib9kp8HNzo6xwAQ/132','',NULL,1,0,NULL,NULL,'',0,NULL,NULL,NULL,'0.00','2019-11-25 12:26:44','2019-11-25 12:26:55',0),(23,'oNPcxwC-fHvIn6k1Rn8i2OCiLsOw','涂才英','http://thirdwx.qlogo.cn/mmopen/vi_32/DYAIOgq83epNxrMp4dwZHtQwW7viaKtrAPcgfXPgJgG9WEpnMBp2WXQ7pSJMdqPmaQRZqaOqZzHSzeoTicq1mCsA/132','',NULL,1,0,NULL,NULL,'',0,NULL,NULL,NULL,'0.00','2019-11-25 14:16:18','2019-11-25 14:16:21',0),(24,'oNPcxwAB_SLaEg0tnLo-jfUbZFFE','violet','http://thirdwx.qlogo.cn/mmopen/vi_32/DYAIOgq83eoXtZcX5t6jNXPicBPc8SuKvEicSthtjMIIwzEo8S1XO9xBXoTbAI3AdciaRTIxjfGM7KyYgU9jmAnYQ/132','',NULL,1,0,NULL,NULL,'',0,NULL,NULL,NULL,'0.00','2019-11-26 11:17:12','2019-11-26 11:17:12',0),(25,'oNPcxwAzQtYnLCYi62YA7ltZozGI','C','http://thirdwx.qlogo.cn/mmopen/vi_32/pxs1DGTlnM4XK4I0Mk4QDh30rvr8H5v59VK52k9YpsSIwwNNPSyNQ5QxZWwRx3W9yrQzFgNmia3nyNkuI6DGLHw/132','',NULL,1,0,NULL,NULL,'',0,NULL,NULL,NULL,'0.00','2019-11-26 11:21:10','2019-11-26 11:21:10',0),(26,'oNPcxwAgom3l0FyIh0GCn60El6PA','Years','http://thirdwx.qlogo.cn/mmopen/vi_32/Q0j4TwGTfTKBAOyysRibqicmkdOvkuGLWSlLLVEFxH5hUmAZwNXIFFF30areZSHdrSCkA54OvvL3PMPpge18bojg/132','',NULL,1,0,NULL,NULL,'',0,NULL,NULL,NULL,'0.00','2019-11-26 20:03:32','2019-11-26 20:13:48',0),(27,'oNPcxwHZqy02HMdR2KGsN1YWgVcc','QIAO11','http://thirdwx.qlogo.cn/mmopen/vi_32/DYAIOgq83eqQ4Qib7yhHB8ib21wZelDbHwWgicBp4BRh7a5WlaBM68KDUFVkBUrvRvJ6XPXUFAybTic96ACtNblBSg/132','',NULL,1,0,NULL,NULL,'',0,NULL,NULL,NULL,'0.00','2019-12-17 12:15:43','2019-12-20 14:51:08',0),(28,'oNPcxwF0t3Gu4fF0fFBHw5--VRL8','蒙','http://thirdwx.qlogo.cn/mmopen/vi_32/Q0j4TwGTfTJDgV2qia6eAL29ByuokFvJaSrnaHlYFTibVG1Fv3MfbKIF2vj3F70YtR4fNEjIZtI1sfaicmDgy1rgw/132','',NULL,1,0,NULL,NULL,'',0,NULL,NULL,NULL,'0.00','2019-12-20 14:48:49','2019-12-20 15:18:47',0),(30,'oNPcxwMiv4-dsse8FWRDGciRbync','','http://thirdwx.qlogo.cn/mmopen/vi_32/mjxc6w9tL5icNKF40rIqZBeowvAAtVQswb0naia2j5UE1N1FMyIEaOtFwn02OmeukPlyVTURIBv3EI0iadGVJYBaQ/132','',NULL,1,0,NULL,NULL,'0',0,NULL,NULL,NULL,'0.00','2020-03-05 19:49:03','2020-03-05 19:49:03',0),(31,'oNPcxwEdkCjWWK9mkrKGfzSqHHvE','LuXmo','http://thirdwx.qlogo.cn/mmopen/vi_32/Q0j4TwGTfTJBzu0JM8GPiatIWVlvaXWJBicWw4E1hFsBdn5LaHhKwn0hGibxREyFIxNEBRJiaZB0q7AL4mpRs4gybg/132','',NULL,1,0,NULL,NULL,'0',0,NULL,NULL,NULL,'0.00','2020-04-19 21:59:27','2020-04-19 21:59:27',0),(32,'oNPcxwMSeZizn7ZQLo0g5UmQx4UI','小小书屋','http://thirdwx.qlogo.cn/mmopen/vi_32/Q0j4TwGTfTJX0s1vNmBS8tTrUO8ic5ARAMINLHtq9n91jIgNJmXw7GX90HoK8dQbibnFp8MIkJYvqcJnBDHPYVlg/132','',NULL,1,0,NULL,NULL,'0',0,NULL,NULL,NULL,'0.00','2020-05-04 11:33:52','2020-05-04 15:04:39',0),(33,'oNPcxwCmNvK32lsnlMGH9o1Zu9Bo','micheal','http://thirdwx.qlogo.cn/mmopen/vi_32/Q0j4TwGTfTL8O8j1HZhjWfFZRicdhgPgaPSib4zhrcKTDs1ed9Vib7CGFvAM5A22aEiczib610QxiaPPn5xKqrQNpPEA/132','',NULL,1,0,NULL,NULL,'0',0,NULL,NULL,NULL,'0.00','2020-06-15 22:10:55','2020-06-15 22:28:03',0),(34,'oNPcxwIf4jDmSsQynkkvRZzsDwls','阿汤哥','http://thirdwx.qlogo.cn/mmopen/vi_32/DYAIOgq83eom6Erof6WLbuPfJq6RTLDzFMUcptVG0U6zLxMP9klOC27S6TBVFIIo9xvRZTbDaYJibpHQBtB0YXw/132','',NULL,1,0,NULL,NULL,'0',0,NULL,NULL,NULL,'0.00','2020-08-05 14:29:19','2020-08-05 14:30:18',0);

/*Table structure for table `p_vip_card` */

DROP TABLE IF EXISTS `p_vip_card`;

CREATE TABLE `p_vip_card` (
  `id` int(10) unsigned NOT NULL AUTO_INCREMENT,
  `school_id` int(10) NOT NULL COMMENT '园所id',
  `name` varchar(50) COLLATE utf8_unicode_ci NOT NULL COMMENT '会员卡名称',
  `start_ts` datetime DEFAULT NULL COMMENT '开始时间',
  `end_ts` datetime DEFAULT NULL COMMENT '结束时间',
  `price` decimal(10,2) DEFAULT '0.00' COMMENT '价格',
  `status` tinyint(3) NOT NULL DEFAULT '0' COMMENT '会员卡状态',
  `type` tinyint(3) NOT NULL DEFAULT '0' COMMENT '是否试用:0:试用，1:正式',
  `created_at` timestamp NULL DEFAULT NULL,
  `updated_at` timestamp NULL DEFAULT NULL,
  PRIMARY KEY (`id`)
) ENGINE=InnoDB AUTO_INCREMENT=17 DEFAULT CHARSET=utf8 COLLATE=utf8_unicode_ci;

/*Data for the table `p_vip_card` */

insert  into `p_vip_card`(`id`,`school_id`,`name`,`start_ts`,`end_ts`,`price`,`status`,`type`,`created_at`,`updated_at`) values (11,1,'体验卡','2020-01-06 00:00:00','2020-01-07 00:00:00','0.01',1,0,'2020-01-06 19:38:36','2020-01-06 19:38:48'),(13,2,'红黄蓝体验卡','2020-02-29 00:00:00','2020-03-31 00:00:00','0.01',1,1,'2020-02-29 19:11:38','2020-02-29 19:11:57'),(15,1,'测试月卡','2020-02-29 00:00:00','2020-03-31 00:00:00','0.01',1,1,'2020-02-29 19:26:57','2020-02-29 19:27:41'),(16,1,'测试学期卡','2020-02-29 00:00:00','2020-07-31 00:00:00','0.01',1,2,'2020-02-29 19:27:28','2020-02-29 19:27:51');

/*Table structure for table `p_vip_card_logs` */

DROP TABLE IF EXISTS `p_vip_card_logs`;

CREATE TABLE `p_vip_card_logs` (
  `id` int(10) unsigned NOT NULL AUTO_INCREMENT,
  `user_id` int(11) NOT NULL,
  `vip_id` int(11) NOT NULL COMMENT '会员卡对应id',
  `vip_name` varchar(40) COLLATE utf8_unicode_ci DEFAULT NULL COMMENT '会员卡名称',
  `vip_type` tinyint(3) DEFAULT NULL COMMENT '会员卡类型',
  `vip_exp_at` date DEFAULT NULL COMMENT '到期时间',
  `recommend_uid` int(11) DEFAULT NULL,
  `trade_no` varchar(20) COLLATE utf8_unicode_ci NOT NULL,
  `price` decimal(8,2) NOT NULL,
  `status` tinyint(4) NOT NULL DEFAULT '0' COMMENT '0未支付，1已支付, -1失败',
  `created_at` timestamp NULL DEFAULT NULL,
  `updated_at` timestamp NULL DEFAULT NULL,
  PRIMARY KEY (`id`)
) ENGINE=MyISAM AUTO_INCREMENT=53 DEFAULT CHARSET=utf8 COLLATE=utf8_unicode_ci;

/*Data for the table `p_vip_card_logs` */

insert  into `p_vip_card_logs`(`id`,`user_id`,`vip_id`,`vip_name`,`vip_type`,`vip_exp_at`,`recommend_uid`,`trade_no`,`price`,`status`,`created_at`,`updated_at`) values (1,4,6,'15天体验卡',0,'2019-11-16',NULL,'201911012144779202','0.01',0,'2019-11-01 21:55:48','2019-11-01 21:55:48'),(3,5,6,'15天体验卡',0,'2019-11-20',NULL,'201911052058679668','0.01',1,'2019-11-05 20:29:48','2019-11-05 20:29:54'),(4,4,1,'体验卡',0,'2019-11-20',NULL,'201911052045133055','0.01',1,'2019-11-05 20:31:53','2019-11-05 20:31:59'),(5,8,6,'15天体验卡',0,'2019-11-20',NULL,'201911052089133908','0.01',1,'2019-11-05 20:33:51','2019-11-05 20:33:56'),(7,1,6,'15天体验卡',0,'2020-01-19',NULL,'202001040415934064','0.01',0,'2020-01-04 04:36:19','2020-01-04 04:36:19'),(8,1,6,'15天体验卡',0,'2020-01-19',NULL,'202001040414731310','0.01',0,'2020-01-04 04:36:26','2020-01-04 04:36:26'),(9,1,6,'15天体验卡',0,'2020-01-19',NULL,'202001040416866962','0.01',0,'2020-01-04 04:36:30','2020-01-04 04:36:30'),(10,1,6,'15天体验卡',0,'2020-01-19',NULL,'202001040415370520','0.01',0,'2020-01-04 04:37:22','2020-01-04 04:37:22'),(11,1,9,'月卡',1,'2020-02-04',NULL,'202001040412221669','85.00',0,'2020-01-04 04:37:23','2020-01-04 04:37:23'),(12,1,9,'月卡',1,'2020-02-04',NULL,'202001040415790626','85.00',0,'2020-01-04 04:37:30','2020-01-04 04:37:30'),(13,1,9,'月卡',1,'2020-02-04',NULL,'202001040415690356','85.00',0,'2020-01-04 04:37:31','2020-01-04 04:37:31'),(14,1,9,'月卡',1,'2020-02-04',NULL,'202001040411391668','85.00',0,'2020-01-04 04:37:32','2020-01-04 04:37:32'),(15,1,6,'15天体验卡',0,'2020-01-19',NULL,'202001040419914504','0.01',0,'2020-01-04 04:37:34','2020-01-04 04:37:34'),(16,1,6,'15天体验卡',0,'2020-01-19',NULL,'202001040414100321','0.01',0,'2020-01-04 04:37:35','2020-01-04 04:37:35'),(17,1,6,'15天体验卡',0,'2020-01-19',NULL,'202001040414574341','0.01',0,'2020-01-04 04:37:37','2020-01-04 04:37:37'),(18,1,6,'15天体验卡',0,'2020-01-19',NULL,'202001040419824251','0.01',0,'2020-01-04 04:37:38','2020-01-04 04:37:38'),(19,1,6,'15天体验卡',0,'2020-01-19',NULL,'202001040412766372','0.01',0,'2020-01-04 04:38:33','2020-01-04 04:38:33'),(20,1,6,'15天体验卡',0,'2020-01-19',NULL,'202001040411471981','0.01',0,'2020-01-04 04:38:35','2020-01-04 04:38:35'),(21,1,6,'15天体验卡',0,'2020-01-19',NULL,'202001040411068013','0.01',0,'2020-01-04 04:38:36','2020-01-04 04:38:36'),(22,1,6,'15天体验卡',0,'2020-01-19',NULL,'202001040411426878','0.01',0,'2020-01-04 04:38:37','2020-01-04 04:38:37'),(23,1,6,'15天体验卡',0,'2020-01-19',NULL,'202001040411703577','0.01',0,'2020-01-04 04:38:38','2020-01-04 04:38:38'),(24,1,6,'15天体验卡',0,'2020-01-19',NULL,'202001040417064858','0.01',0,'2020-01-04 04:39:11','2020-01-04 04:39:11'),(25,1,6,'15天体验卡',0,'2020-01-19',NULL,'202001040412941411','0.01',0,'2020-01-04 04:39:13','2020-01-04 04:39:13'),(26,1,9,'月卡',1,'2020-02-04',NULL,'202001040411317236','85.00',0,'2020-01-04 04:40:07','2020-01-04 04:40:07'),(37,2,6,'15天体验卡',0,'2020-01-20',NULL,'202001051428319578','0.01',0,'2020-01-05 14:06:02','2020-01-05 14:06:02'),(36,2,6,'15天体验卡',0,'2020-01-20',NULL,'202001051425773018','0.01',0,'2020-01-05 14:02:36','2020-01-05 14:02:36'),(35,2,6,'15天体验卡',0,'2020-01-20',NULL,'202001051425202325','0.01',0,'2020-01-05 14:02:36','2020-01-05 14:02:36'),(38,2,6,'15天体验卡',0,'2020-01-20',NULL,'202001051429048646','0.01',1,'2020-01-05 14:06:02','2020-01-05 14:06:16'),(39,1,9,'月卡',1,'2020-02-06',NULL,'202001061918581231','85.00',0,'2020-01-06 19:35:54','2020-01-06 19:35:54'),(40,1,9,'月卡',1,'2020-02-06',NULL,'202001061918734859','85.00',0,'2020-01-06 19:35:54','2020-01-06 19:35:54'),(41,1,12,'学期卡',1,'2020-02-06',NULL,'202001061917099765','0.01',0,'2020-01-06 19:39:27','2020-01-06 19:39:27'),(42,1,12,'月卡',1,'2020-02-06',NULL,'202001061915954937','0.01',1,'2020-01-06 19:39:27','2020-01-06 19:39:31'),(43,4,13,'红黄蓝体验卡',1,'2020-03-29',NULL,'202002291948139234','0.01',0,'2020-02-29 19:14:06','2020-02-29 19:14:06'),(44,4,13,'红黄蓝体验卡',1,'2020-03-29',NULL,'202002291945291350','0.01',1,'2020-02-29 19:14:08','2020-02-29 19:14:12'),(45,8,12,'学期卡',1,'2020-03-29',NULL,'202002291987296593','0.01',0,'2020-02-29 19:29:49','2020-02-29 19:29:49'),(46,8,12,'学期卡',1,'2020-03-29',NULL,'202002291985399897','0.01',1,'2020-02-29 19:29:49','2020-02-29 19:29:55'),(47,5,15,'测试月卡',1,'2020-03-29',NULL,'202002291951875052','0.01',0,'2020-02-29 19:31:20','2020-02-29 19:31:20'),(48,5,15,'测试月卡',1,'2020-03-29',NULL,'202002291957360231','0.01',0,'2020-02-29 19:31:20','2020-02-29 19:31:20'),(49,5,15,'测试月卡',1,'2020-03-29',NULL,'202002291955524975','0.01',0,'2020-02-29 19:32:19','2020-02-29 19:32:19'),(50,5,15,'测试月卡',1,'2020-03-29',NULL,'202002291955096646','0.01',1,'2020-02-29 19:32:19','2020-02-29 19:33:20'),(51,2,15,'测试月卡',1,'2020-04-01',NULL,'202003011625542927','0.01',1,'2020-03-01 16:51:52','2020-03-01 16:52:07'),(52,2,15,'测试月卡',1,'2020-04-01',NULL,'202003011627174804','0.01',0,'2020-03-01 16:51:52','2020-03-01 16:51:52');

/*Table structure for table `p_work_logs` */

DROP TABLE IF EXISTS `p_work_logs`;

CREATE TABLE `p_work_logs` (
  `id` int(10) unsigned NOT NULL AUTO_INCREMENT,
  `barber_id` int(11) NOT NULL COMMENT '理发师',
  `store_id` int(11) NOT NULL COMMENT '门店',
  `start_at` timestamp NULL DEFAULT NULL COMMENT '上班打卡时间',
  `end_at` timestamp NULL DEFAULT NULL COMMENT '下班打卡时间',
  `start_img` varchar(100) COLLATE utf8_unicode_ci DEFAULT NULL COMMENT '上班打卡图片',
  `end_img` varchar(100) COLLATE utf8_unicode_ci DEFAULT NULL COMMENT '下班打卡图片',
  `status` tinyint(4) NOT NULL DEFAULT '0' COMMENT '1上班，2下班',
  `created_at` timestamp NULL DEFAULT NULL,
  `updated_at` timestamp NULL DEFAULT NULL,
  PRIMARY KEY (`id`),
  KEY `work_logs_status_store_id_barber_id_index` (`status`,`store_id`,`barber_id`)
) ENGINE=MyISAM DEFAULT CHARSET=utf8 COLLATE=utf8_unicode_ci;

/*Data for the table `p_work_logs` */

/*!40101 SET SQL_MODE=@OLD_SQL_MODE */;
/*!40014 SET FOREIGN_KEY_CHECKS=@OLD_FOREIGN_KEY_CHECKS */;
/*!40014 SET UNIQUE_CHECKS=@OLD_UNIQUE_CHECKS */;
/*!40111 SET SQL_NOTES=@OLD_SQL_NOTES */;
